267747,10159873,2013-9-1,0:07:32,114.24842,30.616025,1.57989996,21.54,3
291585,10159873,2013-9-1,0:08:07,114.249698,30.616128,38.2579992,71.39,3
306136,10159873,2013-9-1,0:08:31,114.250713,30.616548,0.0518,0,3
322482,10159873,2013-9-1,0:08:47,114.250906,30.616571,21.7560006,70.58,3
346940,10159873,2013-9-1,0:09:27,114.253705,30.617546,15.4364004,80.89,3
350122,10159873,2013-9-1,0:09:33,114.253985,30.617615,21.3305004,71.38,3
372688,10159873,2013-9-1,0:10:12,114.257555,30.618523,22.5700002,117.88,3
373493,10159873,2013-9-1,0:10:13,114.257555,30.618523,22.5700002,117.88,3
376139,10159873,2013-9-1,0:10:17,114.257736,30.618265,29.507499,164.22,3
401761,10159873,2013-9-1,0:10:58,114.258973,30.614583,43.4194992,153.84,3
412396,10159873,2013-9-1,0:11:16,114.259315,30.614108,40.699998,150.16,3
427497,10159873,2013-9-1,0:11:42,114.26186,30.611256,28.73049948,142.58,3
446111,10159873,2013-9-1,0:12:09,114.26284,30.610323,0.381099996,134.75,3
483019,10159873,2013-9-1,0:13:09,114.265331,30.60725,0.677100024,146.89,3
483881,10159873,2013-9-1,0:13:10,114.26533,30.607265,4.82109984,130.93,3
487416,10159873,2013-9-1,0:13:17,114.265445,30.607151,19.96150068,109.11,3
490352,10159873,2013-9-1,0:13:22,114.265866,30.607028,17.7877494,73.67,3
492800,10159873,2013-9-1,0:13:27,114.266318,30.607071,32.1900012,84.96,3
495373,10159873,2013-9-1,0:13:32,114.266756,30.60702,29.2114998,97.32,3
514825,10159873,2013-9-1,0:13:58,114.267903,30.606768,0.185000004,0,3
526405,10159873,2013-9-1,0:14:17,114.267946,30.606716,15.4105002,79.47,3
544662,10159873,2013-9-1,0:14:51,114.269325,30.606541,1.322750052,65.54,3
589409,10159873,2013-9-1,0:16:03,114.271603,30.60634,28.6009992,100.32,3
591194,10159873,2013-9-1,0:16:07,114.271886,30.606256,24.7160016,107.32,3
611853,10159873,2013-9-1,0:16:48,114.274811,30.604226,28.58249988,127.73,3
620811,10159873,2013-9-1,0:17:02,114.27487,30.604091,0.444000006,86.82,3
641681,10159873,2013-9-1,0:17:42,114.274836,30.604063,18.5924988,71.27,3
665829,10159873,2013-9-1,0:18:22,114.277698,30.606085,11.62354968,41.36,3
688374,10159873,2013-9-1,0:19:02,114.279381,30.60526,18.5924988,116.76,3
697779,10159873,2013-9-1,0:19:17,114.28005,30.604565,31.7090016,138.84,3
704593,10159873,2013-9-1,0:19:32,114.280751,30.60394,21.01599936,157.46,3
707461,10159873,2013-9-1,0:19:37,114.280861,30.603655,22.7734992,173.62,3
724121,10159873,2013-9-1,0:20:07,114.280866,30.601635,19.647,188.79,3
738543,10159873,2013-9-1,0:20:48,114.28094,30.599451,26.1219996,180.02,3
746777,10159873,2013-9-1,0:21:06,114.280933,30.599048,0.153550008,0,3
15751825,10159873,2013-9-2,15:39:31,114.228435,30.65879,89.577,11.17,3
15752883,10159873,2013-9-2,15:39:44,114.228896,30.662028,76.4604972,347.7,3
15756228,10159873,2013-9-2,15:40:18,114.226463,30.667486,63.676998,349.46,3
15756683,10159873,2013-9-2,15:40:23,114.226578,30.668281,65.9894976,16.14,3
15761988,10159873,2013-9-2,15:41:18,114.228365,30.671615,81.2334996,25.8,3
15767505,10159873,2013-9-2,15:42:13,114.23475,30.682948,81.4739976,24.75,3
15769117,10159873,2013-9-2,15:42:31,114.235961,30.691838,91.0570032,5.02,3
15772319,10159873,2013-9-2,15:42:58,114.237536,30.699881,74.8139976,6.75,3
15774762,10159873,2013-9-2,15:43:26,114.238058,30.704978,72.5385024,0.81,3
15779378,10159873,2013-9-2,15:44:05,114.236396,30.712683,86.4505044,345.78,3
15783537,10159873,2013-9-2,15:44:51,114.232498,30.72068,79.6239972,329.49,3
15787426,10159873,2013-9-2,15:45:26,114.229128,30.728565,84.3045012,348.92,3
15791778,10159873,2013-9-2,15:46:06,114.227925,30.733745,71.9464968,348.34,3
15795567,10159873,2013-9-2,15:46:47,114.225438,30.743306,91.6860024,341.72,3
15800194,10159873,2013-9-2,15:47:27,114.221883,30.75107,88.2079992,329.87,3
15803976,10159873,2013-9-2,15:48:07,114.212708,30.756453,96.8105016,293.82,3
16330546,10159873,2013-9-2,15:48:48,114.203995,30.76153,77.3669988,332.39,3
16345216,10159873,2013-9-2,15:49:18,114.2032,30.764038,0.123950002,0,3
16354953,10159873,2013-9-2,15:49:41,114.203221,30.764926,42.6425004,3.23,3
16361004,10159873,2013-9-2,15:49:56,114.203631,30.766866,37.962,26.54,3
16379140,10159873,2013-9-2,15:50:40,114.208196,30.771631,59.533002,40.85,3
16395822,10159873,2013-9-2,15:51:16,114.21055,30.774676,25.5115008,27.12,3
16397362,10159873,2013-9-2,15:51:21,114.21071,30.774918,32.967,38.12,3
16400929,10159873,2013-9-2,15:51:31,114.21145,30.77565,29.7849996,38.75,3
16402150,10159873,2013-9-2,15:51:36,114.211533,30.775898,20.77550028,346.68,3
16406387,10159873,2013-9-2,15:51:45,114.21072,30.776466,35.8899984,283.69,3
16408356,10159873,2013-9-2,15:51:50,114.210246,30.776296,40.2559992,231.15,3
16410809,10159873,2013-9-2,15:51:55,114.20977,30.775861,49.1915016,217.09,3
16412532,10159873,2013-9-2,15:52:01,114.209596,30.77543,28.3420008,176.37,3
16428654,10159873,2013-9-2,15:52:40,114.209465,30.774231,8.23064976,127.88,3
17220416,10159873,2013-9-2,16:26:36,114.208945,30.774148,2.37539988,347.45,3
17247830,10159873,2013-9-2,16:27:34,114.208616,30.774233,0.275650002,0,3
17318159,10159873,2013-9-2,16:30:07,114.207963,30.773965,4.70084976,225.52,3
17322919,10159873,2013-9-2,16:30:18,114.207836,30.773846,3.72589992,212.78,3
17375730,10159873,2013-9-2,16:32:05,114.207186,30.773148,2.932249896,202.07,3
17391795,10159873,2013-9-2,16:32:32,114.207303,30.773041,2.41054992,137.71,3
17418623,10159873,2013-9-2,16:33:29,114.207281,30.772721,2.81939994,202.04,3
17448033,10159873,2013-9-2,16:34:28,114.207503,30.77234,3.57975,132.01,3
17502361,10159873,2013-9-2,16:36:22,114.207271,30.77212,2.59554996,124.29,3
17549668,10159873,2013-9-2,16:38:09,114.206285,30.771208,21.4599996,227.27,3
17551405,10159873,2013-9-2,16:38:12,114.205466,30.770988,19.1660004,249.94,3
17555842,10159873,2013-9-2,16:38:23,114.204151,30.77035,42.8829984,219.75,3
17564342,10159873,2013-9-2,16:38:42,114.202171,30.768411,28.4529996,203.11,3
17568603,10159873,2013-9-2,16:38:47,114.202325,30.768105,35.298,136.66,3
17572739,10159873,2013-9-2,16:38:57,114.203193,30.767366,34.965,141.31,3
17575283,10159873,2013-9-2,16:39:02,114.203356,30.766991,25.84449936,175.95,3
17576997,10159873,2013-9-2,16:39:07,114.203331,30.76672,22.1999994,190.41,3
17596672,10159873,2013-9-2,16:39:47,114.20309,30.763886,35.5200012,172.85,3
17616269,10159873,2013-9-2,16:40:29,114.206938,30.758638,68.0800032,123.08,3
17636289,10159873,2013-9-2,16:41:07,114.213795,30.755963,73.4820012,115.17,3
17653493,10159873,2013-9-2,16:41:47,114.221281,30.751773,85.2849972,144.52,3
17675487,10159873,2013-9-2,16:42:29,114.22495,30.744226,73.5189984,159.69,3
17694467,10159873,2013-9-2,16:43:08,114.227148,30.736668,75.9795012,168.9,3
17707250,10159873,2013-9-2,16:43:37,114.228071,30.732213,44.2704996,179.8,3
17719884,10159873,2013-9-2,16:44:01,114.228081,30.731633,0.123950002,0,3
17722108,10159873,2013-9-2,16:44:07,114.228083,30.731628,17.52505056,157.09,3
17743639,10159873,2013-9-2,16:44:55,114.230163,30.724471,87.764004,160.6,3
17764663,10159873,2013-9-2,16:45:34,114.235316,30.716028,97.569,159.55,3
17787252,10159873,2013-9-2,16:46:15,114.237803,30.706755,91.834002,168.56,3
17804484,10159873,2013-9-2,16:46:55,114.237083,30.697665,93.5359992,190.01,3
17824317,10159873,2013-9-2,16:47:34,114.235735,30.68924,77.9405004,180.91,3
17842580,10159873,2013-9-2,16:48:14,114.233728,30.681295,80.6600016,205.55,3
17859984,10159873,2013-9-2,16:48:54,114.2299,30.674498,75.4985016,205.81,3
17880690,10159873,2013-9-2,16:49:33,114.22644,30.668126,63.3809988,195.52,3
17882662,10159873,2013-9-2,16:49:37,114.226363,30.667345,63.5474952,172.92,3
17884708,10159873,2013-9-2,16:49:42,114.226633,30.666533,68.5055016,159.85,3
17897107,10159873,2013-9-2,16:50:13,114.228865,30.661271,73.7410032,178.86,3
17899511,10159873,2013-9-2,16:50:18,114.22872,30.660366,70.9844976,192.36,3
17919195,10159873,2013-9-2,16:50:58,114.227131,30.653546,67.7469996,192.09,3
17943309,10159873,2013-9-2,16:51:49,114.225285,30.645146,91.315998,190.31,3
17946192,10159873,2013-9-2,16:51:57,114.224486,30.640795,72.7605,179.4,3
17947958,10159873,2013-9-2,16:52:03,114.224626,30.63996,63.862002,164.08,3
17949308,10159873,2013-9-2,16:52:08,114.224955,30.639351,40.699998,151.27,3
17953785,10159873,2013-9-2,16:52:23,114.225145,30.639101,0.075850002,0,3
17984759,10159873,2013-9-2,16:53:39,114.227595,30.635291,42.7349988,152.25,3
17995812,10159873,2013-9-2,16:54:07,114.22968,30.632531,45.9910008,151.75,3
17998021,10159873,2013-9-2,16:54:13,114.229738,30.63196,51.2635014,198.58,3
17999827,10159873,2013-9-2,16:54:17,114.229308,30.631515,43.7524992,234.65,3
18001875,10159873,2013-9-2,16:54:22,114.228831,30.631156,45.0474984,212.17,3
18004223,10159873,2013-9-2,16:54:28,114.228768,30.630646,41.8469994,158.91,3
18007797,10159873,2013-9-2,16:54:32,114.229181,30.630301,39.6084996,111.11,3
18009752,10159873,2013-9-2,16:54:37,114.22976,30.630338,43.9930008,68,3
18029720,10159873,2013-9-2,16:55:16,114.236028,30.634781,78.402996,53.42,3
18048124,10159873,2013-9-2,16:55:57,114.243586,30.638206,56.9244996,63.27,3
18065239,10159873,2013-9-2,16:56:37,114.248488,30.641248,53.2244988,46.8,3
18082259,10159873,2013-9-2,16:57:18,114.254365,30.645288,76.9415004,51.72,3
18094281,10159873,2013-9-2,16:57:58,114.262035,30.649691,78.3104976,59.16,3
18105437,10159873,2013-9-2,16:58:38,114.267796,30.655113,67.0624956,45.46,3
18115278,10159873,2013-9-2,16:59:18,114.272768,30.659061,54.205002,42.92,3
18124815,10159873,2013-9-2,16:59:58,114.27938,30.662925,75.3874956,61.98,3
18133082,10159873,2013-9-2,17:00:38,114.285931,30.66509,58.3674984,85.54,3
18142747,10159873,2013-9-2,17:01:18,114.291463,30.66605,61.7715,64.27,3
18151674,10159873,2013-9-2,17:01:58,114.299038,30.669201,79.6239972,64.23,3
18532661,10159873,2013-9-2,17:02:38,114.307686,30.672828,77.774004,62.71,3
18544295,10159873,2013-9-2,17:03:18,114.315241,30.678011,85.7104992,48.93,3
18555207,10159873,2013-9-2,17:03:58,114.323701,30.684248,102.1755024,55.37,3
18565673,10159873,2013-9-2,17:04:38,114.33346,30.68896,78.0144984,61.05,3
18577431,10159873,2013-9-2,17:05:18,114.342713,30.69332,96.7180032,61.41,3
18585877,10159873,2013-9-2,17:05:58,114.352543,30.696223,87.6900024,84.69,3
18598641,10159873,2013-9-2,17:06:39,114.362515,30.696455,73.0935,89.04,3
18610851,10159873,2013-9-2,17:07:19,114.371368,30.695043,74.610504,112.68,3
18621503,10159873,2013-9-2,17:08:00,114.378521,30.689903,84.8225016,145.97,3
18636264,10159873,2013-9-2,17:08:46,114.384031,30.682601,74.9065032,146.81,3
18650440,10159873,2013-9-2,17:09:20,114.38882,30.67626,79.513002,146.96,3
18669656,10159873,2013-9-2,17:10:00,114.393956,30.669451,76.7935008,147.68,3
18688419,10159873,2013-9-2,17:10:41,114.397921,30.662038,76.5159984,155.71,3
18707862,10159873,2013-9-2,17:11:27,114.40166,30.654903,77.6260008,155.75,3
18725733,10159873,2013-9-2,17:12:01,114.406128,30.647613,86.3025048,143.98,3
18747197,10159873,2013-9-2,17:12:43,114.411951,30.640666,76.0349952,144.12,3
18768704,10159873,2013-9-2,17:13:27,114.416215,30.634421,69.9854976,159.79,3
18786647,10159873,2013-9-2,17:14:03,114.41841,30.627471,70.8735024,165.73,3
18803690,10159873,2013-9-2,17:14:43,114.420828,30.61951,73.9074996,165.07,3
18823087,10159873,2013-9-2,17:15:25,114.422961,30.61248,72.187002,165.44,3
18840221,10159873,2013-9-2,17:16:03,114.425273,30.60493,79.3834992,165.04,3
18858989,10159873,2013-9-2,17:16:43,114.427136,30.596801,86.3025048,176.06,3
18874979,10159873,2013-9-2,17:17:23,114.42783,30.588325,93.887496,175.83,3
18891773,10159873,2013-9-2,17:18:03,114.42957,30.579901,79.0319988,163.58,3
18929106,10159873,2013-9-2,17:19:24,114.435915,30.565086,87.3940032,144.26,3
18947477,10159873,2013-9-2,17:20:03,114.441855,30.558385,83.5459992,142.4,3
18964868,10159873,2013-9-2,17:20:43,114.447633,30.551838,80.4749976,142.41,3
18981170,10159873,2013-9-2,17:21:24,114.452028,30.545121,77.6260008,154.57,3
19002015,10159873,2013-9-2,17:22:03,114.45483,30.537365,80.6045004,174.34,3
19018716,10159873,2013-9-2,17:22:43,114.45359,30.529106,78.0885,200.55,3
19038570,10159873,2013-9-2,17:23:23,114.45142,30.521641,79.3834992,190.77,3
19060568,10159873,2013-9-2,17:24:08,114.449381,30.514225,72.9454968,194.28,3
19075144,10159873,2013-9-2,17:24:43,114.450586,30.506248,80.6969988,152.72,3
19097457,10159873,2013-9-2,17:25:23,114.452876,30.499136,59.699502,180.57,3
19121189,10159873,2013-9-2,17:26:03,114.451541,30.492521,85.8215016,188.49,3
19146947,10159873,2013-9-2,17:26:43,114.452283,30.483951,82.8615024,171.88,3
19176807,10159873,2013-9-2,17:27:24,114.449265,30.477285,64.0655028,232.41,3
19200850,10159873,2013-9-2,17:28:05,114.441776,30.472108,83.1575016,220.39,3
19208649,10159873,2013-9-2,17:28:10,114.441283,30.471663,80.512002,227.29,3
19212587,10159873,2013-9-2,17:28:14,114.44033,30.471073,82.7689968,239.79,3
19236617,10159873,2013-9-2,17:28:53,114.43146,30.468558,79.513002,257.16,3
19266914,10159873,2013-9-2,17:29:34,114.421561,30.467418,82.010502,268.06,3
19291855,10159873,2013-9-2,17:30:14,114.412236,30.467068,78.7175028,262.47,3
19322276,10159873,2013-9-2,17:30:55,114.405343,30.465863,57.2389992,258.33,3
19354001,10159873,2013-9-2,17:31:35,114.39699,30.464451,74.9805012,258.73,3
19377162,10159873,2013-9-2,17:32:16,114.389393,30.463883,63.7140024,268.97,3
19382399,10159873,2013-9-2,17:32:23,114.388163,30.463871,51.5225016,274.57,3
19388471,10159873,2013-9-2,17:32:28,114.387571,30.464036,40.0155012,299.8,3
19391955,10159873,2013-9-2,17:32:34,114.387155,30.464386,43.2344988,320.06,3
19397991,10159873,2013-9-2,17:32:48,114.385908,30.465938,51.4485,345.19,3
19399585,10159873,2013-9-2,17:32:53,114.38589,30.466515,45.621,2.88,3
19418821,10159873,2013-9-2,17:33:33,114.387078,30.471133,28.305,10.79,3
19434470,10159873,2013-9-2,17:34:13,114.387853,30.47413,0.344100006,0,3
19436633,10159873,2013-9-2,17:34:17,114.387838,30.474143,0.960150024,13.35,3
19449309,10159873,2013-9-2,17:34:43,114.387955,30.474501,0.00555,0,3
19458704,10159873,2013-9-2,17:35:11,114.388086,30.474846,0.037000001,0,3
19492090,10159873,2013-9-2,17:36:16,114.388705,30.477115,2.036850012,14.99,3
19494443,10159873,2013-9-2,17:36:21,114.388711,30.477145,0.762199992,12.5,3
19525424,10159873,2013-9-2,17:37:31,114.388948,30.478063,0.0222,0,3
19914853,10159873,2013-9-2,17:39:26,114.389376,30.479676,0.085100004,0,3
19918497,10159873,2013-9-2,17:39:35,114.389393,30.479691,0.070300001,0,3
19981673,10159873,2013-9-2,17:41:49,114.389766,30.48089,0.131349996,0,3
20034102,10159873,2013-9-2,17:43:39,114.389891,30.481726,23.6615004,341.44,3
20038236,10159873,2013-9-2,17:43:48,114.389423,30.481886,31.4314992,256.34,3
20044559,10159873,2013-9-2,17:44:04,114.387698,30.481563,38.8500012,262.17,3
20062135,10159873,2013-9-2,17:44:43,114.384221,30.481476,0.28305,0,3
20064628,10159873,2013-9-2,17:44:50,114.384171,30.481501,0.1332,0,3
20081721,10159873,2013-9-2,17:45:21,114.38336,30.481505,0.151700004,0,3
20119456,10159873,2013-9-2,17:46:37,114.386115,30.48122,0.225700002,0,3
20122053,10159873,2013-9-2,17:46:44,114.386111,30.481225,0.212750003,0,3
20209047,10159873,2013-9-2,17:50:00,114.387571,30.481308,0.0222,0,3
20258552,10159873,2013-9-2,17:51:51,114.38922,30.481648,0.04995,0,3
20293439,10159873,2013-9-2,17:53:09,114.389893,30.481876,20.0170008,54.83,3
20295284,10159873,2013-9-2,17:53:14,114.390065,30.482115,24.309,9.53,3
20302069,10159873,2013-9-2,17:53:28,114.39009,30.482848,29.6740008,6.06,3
20319371,10159873,2013-9-2,17:53:59,114.390138,30.48426,0.096200003,0,3
20408445,10159873,2013-9-2,17:57:08,114.389895,30.484228,17.5398498,0.42,3
20425278,10159873,2013-9-2,17:57:51,114.390036,30.486093,0.147999996,0,3
20425832,10159873,2013-9-2,17:57:52,114.39004,30.486093,0.179450003,0,3
20442372,10159873,2013-9-2,17:58:23,114.390086,30.486866,30.5250012,1.61,3
20448430,10159873,2013-9-2,17:58:39,114.390163,30.488445,45.1215,0.94,3
20450279,10159873,2013-9-2,17:58:44,114.390151,30.48898,36.1305,359.85,3
20471627,10159873,2013-9-2,17:59:24,114.390541,30.49264,44.5664988,11.49,3
20488308,10159873,2013-9-2,18:00:04,114.39035,30.492225,30.9875004,194.01,3
20508585,10159873,2013-9-2,18:00:44,114.390283,30.491551,0.0074,0,3
20509143,10159873,2013-9-2,18:00:46,114.390286,30.491551,0.151700004,0,3
20526319,10159873,2013-9-2,18:01:15,114.390203,30.49098,0.042550002,0,3
20538110,10159873,2013-9-2,18:01:46,114.3902,30.490506,0.384800004,183.09,3
20555374,10159873,2013-9-2,18:02:21,114.390176,30.490001,0.0666,0,3
20603000,10159873,2013-9-2,18:04:11,114.390163,30.489121,3.44840004,179.46,3
20667543,10159873,2013-9-2,18:05:56,114.39014,30.488336,0.0481,0,3
20697301,10159873,2013-9-2,18:09:53,114.390056,30.485446,18.12444948,183.53,3
20718592,10159873,2013-9-2,18:10:35,114.390018,30.484085,0.061050002,0,3
20800472,10159873,2013-9-2,18:12:53,114.38959,30.48184,30.3585012,240.93,3
20803083,10159873,2013-9-2,18:12:58,114.38916,30.481703,33.3185004,253.14,3
20816970,10159873,2013-9-2,18:13:38,114.385176,30.481548,36.1305,268.24,3
20828703,10159873,2013-9-2,18:14:03,114.38378,30.481573,0.279349992,0,3
20835069,10159873,2013-9-2,18:14:23,114.383841,30.481515,19.85049936,76.71,3
20836991,10159873,2013-9-2,18:14:28,114.384296,30.481521,34.761501,87.55,3
21241695,10159873,2013-9-2,18:15:03,114.386203,30.48118,0.333,0,3
21310636,10159873,2013-9-2,18:16:57,114.387413,30.48151,17.4344004,260.27,3
21311018,10159873,2013-9-2,18:16:58,114.38735,30.481508,24.38300016,268,3
21317559,10159873,2013-9-2,18:17:03,114.386968,30.481493,25.974,243.93,3
21323904,10159873,2013-9-2,18:17:08,114.386518,30.481475,31.894002,260.89,3
21328223,10159873,2013-9-2,18:17:18,114.385411,30.48149,29.2670028,263.31,3
21330325,10159873,2013-9-2,18:17:23,114.384876,30.481493,31.9309992,264.76,3
21333011,10159873,2013-9-2,18:17:28,114.384261,30.48158,37.629,273.79,3
21335259,10159873,2013-9-2,18:17:33,114.383635,30.481545,37.2035016,261.97,3
21354895,10159873,2013-9-2,18:18:15,114.377848,30.481743,42.3465012,282.38,3
21371282,10159873,2013-9-2,18:18:54,114.375,30.482313,32.0050008,285.85,3
21391776,10159873,2013-9-2,18:19:34,114.36984,30.483958,50.4495,284.25,3
21410544,10159873,2013-9-2,18:20:15,114.364615,30.483803,45.2509992,255.6,3
21427527,10159873,2013-9-2,18:20:55,114.359303,30.48226,46.5275016,259.58,3
21446270,10159873,2013-9-2,18:21:36,114.35307,30.482458,54.1495008,277.86,3
21464430,10159873,2013-9-2,18:22:16,114.348113,30.482926,0.173900002,0,3
21466137,10159873,2013-9-2,18:22:20,114.34812,30.482933,0.038850001,0,3
21489100,10159873,2013-9-2,18:23:15,114.342303,30.482595,44.6034996,266.42,3
21506097,10159873,2013-9-2,18:23:55,114.338638,30.48257,14.96094984,263.1,3
21525424,10159873,2013-9-2,18:24:36,114.336305,30.482521,13.92309972,267,3
21541853,10159873,2013-9-2,18:25:16,114.335446,30.48241,16.24299948,262.03,3
21560717,10159873,2013-9-2,18:25:57,114.333835,30.48227,15.8156496,298.01,3
21561631,10159873,2013-9-2,18:25:58,114.333793,30.4823,20.10950028,317.22,3
21563995,10159873,2013-9-2,18:26:03,114.333676,30.482615,27.4725,358.31,3
21580870,10159873,2013-9-2,18:26:38,114.33366,30.483801,18.4093506,351.67,3
21585144,10159873,2013-9-2,18:26:48,114.333663,30.484498,28.7859996,0.6,3
21587877,10159873,2013-9-2,18:26:53,114.333668,30.48486,27.7500006,354.06,3
21622734,10159873,2013-9-2,18:27:34,114.333575,30.488288,41.6620008,0.96,3
21657552,10159873,2013-9-2,18:28:53,114.333601,30.48967,31.1725008,358.52,3
21763664,10159873,2013-9-2,18:32:49,114.341905,30.508136,10.7799498,24.82,3
21766815,10159873,2013-9-2,18:32:56,114.342355,30.508948,12.71504988,26.13,3
21780616,10159873,2013-9-2,18:33:28,114.342861,30.509883,10.90019952,25.11,3
21799843,10159873,2013-9-2,18:34:06,114.343163,30.510416,3.10984992,22.77,3
21826946,10159873,2013-9-2,18:35:08,114.343698,30.511431,8.36570016,29.01,3
21845221,10159873,2013-9-2,18:35:48,114.344098,30.512191,12.66694956,20.17,3
21861284,10159873,2013-9-2,18:36:28,114.344423,30.513341,11.86220016,6.97,3
21873114,10159873,2013-9-2,18:36:49,114.344468,30.513725,2.68065,7.01,3
21894644,10159873,2013-9-2,18:37:40,114.344713,30.515785,17.4954492,8.33,3
21912738,10159873,2013-9-2,18:38:20,114.344998,30.517646,16.32439944,359.22,3
21931109,10159873,2013-9-2,18:39:00,114.345038,30.518823,21.0714984,4.22,3
21936941,10159873,2013-9-2,18:39:15,114.345128,30.519415,13.18310028,8.25,3
21939283,10159873,2013-9-2,18:39:20,114.345146,30.51964,19.55450016,4.97,3
21957729,10159873,2013-9-2,18:40:00,114.345586,30.522173,22.38500052,9.4,3
21988318,10159873,2013-9-2,18:41:05,114.346496,30.525406,12.71504988,18.23,3
22001732,10159873,2013-9-2,18:41:45,114.347435,30.527558,28.39750056,26.42,3
22006847,10159873,2013-9-2,18:41:55,114.347676,30.528218,18.27429948,20.71,3
22021595,10159873,2013-9-2,18:42:35,114.348961,30.531723,51.282,19.8,3
22037333,10159873,2013-9-2,18:43:15,114.350768,30.53642,41.6620008,17.82,3
22041110,10159873,2013-9-2,18:43:25,114.351026,30.537501,47.1195,357.18,3
22042695,10159873,2013-9-2,18:43:30,114.350875,30.538088,49.5060012,337.83,3
22056545,10159873,2013-9-2,18:44:10,114.3487,30.542058,44.6034996,351.51,3
22056828,10159873,2013-9-2,18:44:11,114.3487,30.542058,44.6034996,351.51,3
22067294,10159873,2013-9-2,18:44:40,114.348295,30.545966,44.7144984,1.5,3
22093060,10159873,2013-9-2,18:46:25,114.35376,30.557135,40.0710024,24.95,3
22102412,10159873,2013-9-2,18:47:05,114.355061,30.56015,46.712502,13.82,3
22111076,10159873,2013-9-2,18:47:45,114.357765,30.564535,49.5060012,35.81,3
22118188,10159873,2013-9-2,18:48:38,114.360998,30.568486,48.3774984,34.24,3
22121880,10159873,2013-9-2,18:49:05,114.364365,30.572491,39.4235028,35.85,3
22590240,10159873,2013-9-2,18:50:26,114.370363,30.582286,54.0939996,27.16,3
22600239,10159873,2013-9-2,18:50:56,114.372355,30.586035,62.0304984,5.91,3
22601491,10159873,2013-9-2,18:51:00,114.372381,30.586813,66.8219976,353.86,3
22603527,10159873,2013-9-2,18:51:05,114.372106,30.587633,67.4325,339.77,3
22613523,10159873,2013-9-2,18:51:45,114.368963,30.593353,66.285504,334.96,3
22627550,10159873,2013-9-2,18:52:25,114.366023,30.598963,58.1639976,335.73,3
22638724,10159873,2013-9-2,18:53:05,114.36273,30.604221,60.4579968,327.75,3
22651656,10159873,2013-9-2,18:53:45,114.358875,30.609901,67.3954992,333.53,3
22664764,10159873,2013-9-2,18:54:25,114.35543,30.61586,65.4714972,332.85,3
22676655,10159873,2013-9-2,18:55:16,114.35063,30.621388,67.3030008,312.75,3
22687612,10159873,2013-9-2,18:55:46,114.344593,30.625746,67.8210012,309.59,3
22701932,10159873,2013-9-2,18:56:33,114.338435,30.630178,72.594,309.9,3
22712207,10159873,2013-9-2,18:57:05,114.332345,30.634556,68.5795032,309.61,3
22725104,10159873,2013-9-2,18:57:45,114.326341,30.638788,63.27,302.53,3
22726884,10159873,2013-9-2,18:57:51,114.325525,30.639141,64.6944984,292.8,3
22731962,10159873,2013-9-2,18:58:06,114.322831,30.639486,62.789004,264.15,3
22745626,10159873,2013-9-2,18:58:45,114.3158,30.637188,70.022502,248.18,3
22756696,10159873,2013-9-2,18:59:25,114.308151,30.635156,73.6300008,251.03,3
22766582,10159873,2013-9-2,18:59:56,114.301996,30.632358,80.6784984,248.06,3
22778273,10159873,2013-9-2,19:00:35,114.293995,30.630171,69.0604992,253.24,3
22791891,10159873,2013-9-2,19:01:16,114.286133,30.628128,74.499498,252.99,3
22804484,10159873,2013-9-2,19:01:55,114.279506,30.625958,48.6550008,244.03,3
22817960,10159873,2013-9-2,19:02:35,114.27415,30.623821,52.5769992,245.61,3
22833854,10159873,2013-9-2,19:03:15,114.268361,30.62177,57.4979976,248.89,3
22851749,10159873,2013-9-2,19:03:58,114.26266,30.620005,48.488499,254.45,3
22883592,10159873,2013-9-2,19:05:23,114.249818,30.616371,52.5030012,250.46,3
22900823,10159873,2013-9-2,19:06:02,114.244156,30.614425,57.1095,239.77,3
22915710,10159873,2013-9-2,19:06:45,114.238815,30.611841,55.8699984,239.87,3
22931740,10159873,2013-9-2,19:07:22,114.233636,30.609448,47.3600016,250.73,3
22947139,10159873,2013-9-2,19:08:02,114.226856,30.60745,70.3185012,228.84,3
22948936,10159873,2013-9-2,19:08:05,114.226856,30.60745,70.3185012,228.84,3
22961856,10159873,2013-9-2,19:08:42,114.22293,30.601393,59.8290012,193.7,3
22964664,10159873,2013-9-2,19:08:51,114.22293,30.601393,59.8290012,193.7,3
22965061,10159873,2013-9-2,19:08:52,114.222806,30.600661,58.8114972,183.73,3
22965475,10159873,2013-9-2,19:08:53,114.222858,30.59988,61.6604976,171.73,3
22982706,10159873,2013-9-2,19:09:32,114.223693,30.59619,42.4204992,166.64,3
22991673,10159873,2013-9-2,19:09:58,114.224406,30.593638,38.2209984,165.19,3
22993622,10159873,2013-9-2,19:10:03,114.22452,30.59326,27.78700032,161.64,3
23008255,10159873,2013-9-2,19:10:37,114.225241,30.591021,28.3420008,153.27,3
23017933,10159873,2013-9-2,19:11:05,114.226198,30.589446,0.01295,0,3
23050552,10159873,2013-9-2,19:12:34,114.227408,30.589046,16.15790016,71.93,3
23055984,10159873,2013-9-2,19:12:47,114.22814,30.589291,20.20200012,78.75,3
23061662,10159873,2013-9-2,19:13:02,114.229561,30.589133,49.0804992,119.96,3
23064639,10159873,2013-9-2,19:13:13,114.230233,30.588668,56.2955004,132.9,3
23070070,10159873,2013-9-2,19:13:22,114.23209,30.587103,55.4445,125.42,3
23072301,10159873,2013-9-2,19:13:27,114.232788,30.586775,53.9645004,112.17,3
23074739,10159873,2013-9-2,19:13:33,114.233521,30.586626,51.6335004,96.42,3
23076194,10159873,2013-9-2,19:13:37,114.23429,30.58664,58.1825016,83.41,3
23077807,10159873,2013-9-2,19:13:42,114.235138,30.586818,60.7169988,69.06,3
23083683,10159873,2013-9-2,19:13:58,114.237485,30.587946,58.3860024,69.41,3
23090786,10159873,2013-9-2,19:14:12,114.239825,30.588298,47.526498,87.05,3
23092849,10159873,2013-9-2,19:14:17,114.240476,30.58811,44.8255008,119.25,3
23103148,10159873,2013-9-2,19:14:37,114.241295,30.587418,0.075850002,0,3
23108087,10159873,2013-9-2,19:14:53,114.241776,30.586971,20.38699944,128.52,3
23127204,10159873,2013-9-2,19:15:28,114.242056,30.586458,1.402299972,116.92,3
23310144,10159873,2013-9-2,19:22:00,114.24752,30.582156,18.22619988,173.91,3
23316927,10159873,2013-9-2,19:22:15,114.247746,30.580916,23.08800024,167.98,3
23324561,10159873,2013-9-2,19:22:28,114.247805,30.580768,0.477300024,142.63,3
23328028,10159873,2013-9-2,19:22:35,114.247805,30.580768,20.9604996,175.02,3
23331065,10159873,2013-9-2,19:22:40,114.247821,30.580576,3.77955,335.79,3
23335188,10159873,2013-9-2,19:22:51,114.24766,30.580873,29.3780016,90.22,3
23687145,10159873,2013-9-2,19:23:33,114.250991,30.580126,16.4224512,91.82,3
23689378,10159873,2013-9-2,19:23:51,114.252136,30.580121,23.99449932,85.96,3
23692903,10159873,2013-9-2,19:24:25,114.255786,30.580455,39.3495012,76.15,3
23693388,10159873,2013-9-2,19:24:30,114.25635,30.580556,38.5909992,85.02,3
23696845,10159873,2013-9-2,19:25:00,114.259043,30.581695,21.3490008,83.24,3
23698062,10159873,2013-9-2,19:25:12,114.259381,30.581746,36.6854976,73.18,3
23705717,10159873,2013-9-2,19:26:22,114.260693,30.581768,17.20869948,90.62,3
23715999,10159873,2013-9-2,19:27:52,114.260993,30.582008,18.9624996,79.69,3
23716142,10159873,2013-9-2,19:27:53,114.261755,30.582545,28.8785016,55.65,3
23716277,10159873,2013-9-2,19:27:54,114.26447,30.583556,42.9385014,73.78,3
23716423,10159873,2013-9-2,19:27:55,114.266961,30.58409,0.055500001,0,3
23719712,10159873,2013-9-2,19:28:26,114.272003,30.585506,36.2414988,71.4,3
23724568,10159873,2013-9-2,19:29:06,114.276401,30.58683,39.2384988,79.13,3
23726545,10159873,2013-9-2,19:29:25,114.278453,30.58748,40.1450004,73.43,3
23727432,10159873,2013-9-2,19:29:34,114.278953,30.587801,37.7400024,57.98,3
23727565,10159873,2013-9-2,19:29:35,114.27933,30.58808,38.295,46.92,3
23728072,10159873,2013-9-2,19:29:40,114.279726,30.588418,36.1119996,46.04,3
23728877,10159873,2013-9-2,19:29:48,114.280055,30.588806,36.4080024,38.1,3
23733139,10159873,2013-9-2,19:30:25,114.28314,30.592215,42.7719996,36.34,3
23737748,10159873,2013-9-2,19:31:05,114.28723,30.59682,57.6644976,38.01,3
23741874,10159873,2013-9-2,19:31:45,114.290436,30.599783,50.9304996,49.65,3
23746818,10159873,2013-9-2,19:32:25,114.294685,30.603378,42.1429968,45.27,3
23751722,10159873,2013-9-2,19:33:05,114.297283,30.606301,38.887002,33.7,3
23753511,10159873,2013-9-2,19:33:21,114.298001,30.607301,26.56600056,41.02,3
23754034,10159873,2013-9-2,19:33:26,114.298226,30.607605,30.3585012,33.12,3
23755023,10159873,2013-9-2,19:33:35,114.298798,30.608321,35.7605028,42.28,3
23755587,10159873,2013-9-2,19:33:40,114.299098,30.608698,33.9845004,33.06,3
23757839,10159873,2013-9-2,19:34:03,114.299595,30.609455,0.118400004,0,3
23762029,10159873,2013-9-2,19:34:40,114.299596,30.609555,17.58055068,27.7,3
23766775,10159873,2013-9-2,19:35:21,114.302135,30.612308,30.6730008,54.16,3
23768326,10159873,2013-9-2,19:35:36,114.302795,30.613043,34.6875012,42.3,3
23768426,10159873,2013-9-2,19:35:37,114.30298,30.61341,28.6194996,31.87,3
23769822,10159873,2013-9-2,19:35:51,114.30216,30.612871,42.6794976,221.68,3
23771876,10159873,2013-9-2,19:36:10,114.300466,30.611563,42.0874992,213.7,3
23776601,10159873,2013-9-2,19:36:50,114.298166,30.607808,50.0979996,210.88,3
23781254,10159873,2013-9-2,19:37:30,114.294123,30.602895,55.4630004,224.65,3
23785370,10159873,2013-9-2,19:38:10,114.29025,30.599783,42.9940008,226.96,3
23785869,10159873,2013-9-2,19:38:15,114.28964,30.599581,40.8479976,238.66,3
23790337,10159873,2013-9-2,19:38:54,114.28736,30.597445,0.719649972,223.08,3
23805544,10159873,2013-9-2,19:41:11,114.28551,30.595723,13.1054004,0.16,3
23810149,10159873,2013-9-2,19:41:51,114.284228,30.59662,16.8165,232.27,3
23813642,10159873,2013-9-2,19:42:25,114.283391,30.595826,19.5730002,217.73,3
23818318,10159873,2013-9-2,19:43:05,114.281696,30.596515,25.6039992,346.8,3
23822748,10159873,2013-9-2,19:43:45,114.280985,30.598491,8.72645004,339.2,3
23823793,10159873,2013-9-2,19:43:55,114.280878,30.598516,1.68535008,296.02,3
23851852,10159873,2013-9-2,19:48:13,114.280691,30.598588,0.614199996,13.85,3
23856980,10159873,2013-9-2,19:48:58,114.281001,30.598495,22.7734992,178.5,3
23857500,10159873,2013-9-2,19:49:03,114.281015,30.598075,18.6294996,172.71,3
23858017,10159873,2013-9-2,19:49:09,114.281045,30.597748,25.2339984,162.91,3
23862698,10159873,2013-9-2,19:49:51,114.280513,30.59714,15.4659996,267.07,3
23865561,10159873,2013-9-2,19:50:18,114.278433,30.59677,1.406000016,262.79,3
23866483,10159873,2013-9-2,19:50:26,114.278426,30.59681,0.447699996,280.21,3
23872521,10159873,2013-9-2,19:51:19,114.27829,30.596653,20.313,134.46,3
23873049,10159873,2013-9-2,19:51:23,114.278565,30.596285,26.71400016,144.94,3
23874505,10159873,2013-9-2,19:51:38,114.279568,30.595441,19.2029994,127.89,3
23877549,10159873,2013-9-2,19:52:03,114.281481,30.593848,32.4304992,128.42,3
23878041,10159873,2013-9-2,19:52:08,114.281806,30.59363,23.4579996,137.37,3
23878558,10159873,2013-9-2,19:52:14,114.28218,30.593478,25.3450008,130.93,3
23879073,10159873,2013-9-2,19:52:18,114.282508,30.5933,29.0635002,121.09,3
23883136,10159873,2013-9-2,19:52:58,114.28205,30.591353,32.1159996,220.52,3
23885312,10159873,2013-9-2,19:53:14,114.2813,30.59047,21.53399976,205.72,3
23885824,10159873,2013-9-2,19:53:18,114.280961,30.590111,37.1849976,220.22,3
23888859,10159873,2013-9-2,19:53:49,114.279153,30.588225,35.1130032,225.36,3
23896830,10159873,2013-9-2,19:55:02,114.27785,30.587473,24.12400068,231.61,3
23897050,10159873,2013-9-2,19:55:04,114.277573,30.587265,21.9965004,239.81,3
23897585,10159873,2013-9-2,19:55:06,114.276161,30.586981,41.6805012,255.24,3
23898349,10159873,2013-9-2,19:55:13,114.271906,30.585795,20.57200056,260,3
23898988,10159873,2013-9-2,19:55:19,114.271771,30.585733,1.742699952,275.56,3
23908766,10159873,2013-9-2,19:56:49,114.271495,30.585763,23.99449932,249.17,3
23910229,10159873,2013-9-2,19:57:03,114.269896,30.58531,31.0799988,239.53,3
23910804,10159873,2013-9-2,19:57:08,114.26944,30.585098,42.8090004,243.71,3
24536434,10159873,2013-9-2,19:57:48,114.264138,30.583688,25.1229996,251.13,3
24543207,10159873,2013-9-2,19:58:04,114.263911,30.583541,19.7209998,233.28,3
24545268,10159873,2013-9-2,19:58:10,114.263148,30.583208,19.2029994,247.43,3
24553964,10159873,2013-9-2,19:58:29,114.261443,30.582986,17.30304972,275.02,3
24568411,10159873,2013-9-2,19:59:03,114.259383,30.581958,21.9040002,79.65,3
24570175,10159873,2013-9-2,19:59:08,114.259615,30.581901,25.3635012,71.18,3
24579644,10159873,2013-9-2,19:59:29,114.260043,30.582043,1.2654,17.48,3
24609261,10159873,2013-9-2,20:00:38,114.26131,30.582241,6.8690502,137.44,3
24625747,10159873,2013-9-2,20:01:18,114.261746,30.58076,4.6953,157.92,3
24639436,10159873,2013-9-2,20:01:58,114.262848,30.579803,26.9544996,148.81,3
24639797,10159873,2013-9-2,20:01:59,114.262848,30.579803,26.9544996,148.81,3
24652019,10159873,2013-9-2,20:02:28,114.263385,30.577663,36.3894984,181.33,3
24665873,10159873,2013-9-2,20:03:08,114.263278,30.575055,17.72300016,154.49,3
24666273,10159873,2013-9-2,20:03:09,114.263278,30.575055,17.72300016,154.49,3
24667867,10159873,2013-9-2,20:03:14,114.263296,30.574841,17.6878494,180.22,3
24674957,10159873,2013-9-2,20:03:28,114.263065,30.57343,30.0255012,177.98,3
24682372,10159873,2013-9-2,20:03:49,114.26282,30.572285,0.147999996,0,3
24710391,10159873,2013-9-2,20:05:02,114.262696,30.571128,0.129500003,0,3
24719338,10159873,2013-9-2,20:05:28,114.262503,30.570063,26.84349972,192.33,3
24721979,10159873,2013-9-2,20:05:34,114.262488,30.569823,20.72000016,178.57,3
24724484,10159873,2013-9-2,20:05:43,114.262483,30.568811,34.1510004,185.03,3
24741541,10159873,2013-9-2,20:06:34,114.262005,30.565425,34.0770024,191.11,3
24767906,10159873,2013-9-2,20:07:51,114.261018,30.561246,50.856498,191.32,3
24768212,10159873,2013-9-2,20:07:52,114.260311,30.556666,23.0140008,211.59,3
24768353,10159873,2013-9-2,20:07:53,114.260163,30.556446,23.2914996,182.06,3
24768448,10159873,2013-9-2,20:07:54,114.260338,30.556118,33.2260002,149.41,3
24768969,10159873,2013-9-2,20:07:55,114.260481,30.555735,31.561002,171.42,3
24780190,10159873,2013-9-2,20:08:33,114.260518,30.553238,7.48694988,191.28,3
24793822,10159873,2013-9-2,20:09:09,114.260115,30.552293,25.1969994,255.84,3
24803085,10159873,2013-9-2,20:09:35,114.259023,30.55216,3.372549948,250.56,3
24821046,10159873,2013-9-2,20:10:22,114.257863,30.552085,0.123950002,0,3
24834440,10159873,2013-9-2,20:10:53,114.256746,30.552076,42.1429968,278.56,3
24847768,10159873,2013-9-2,20:11:16,114.255853,30.552188,1.224699948,242.79,3
24877680,10159873,2013-9-2,20:12:14,114.255336,30.551638,21.68199936,188.54,3
24880684,10159873,2013-9-2,20:12:23,114.255185,30.551,31.1540004,189.35,3
24886518,10159873,2013-9-2,20:12:53,114.255396,30.54912,30.4695,167.56,3
24911622,10159873,2013-9-2,20:13:33,114.256433,30.54651,24.79000068,161.33,3
24921475,10159873,2013-9-2,20:14:14,114.257318,30.544106,0.943499952,175.22,3
24923695,10159873,2013-9-2,20:14:33,114.25735,30.543491,26.08500024,228.85,3
24928523,10159873,2013-9-2,20:15:03,114.255563,30.542481,26.9359992,239.18,3
24930016,10159873,2013-9-2,20:15:18,114.254761,30.542061,21.55249944,213.54,3
24930535,10159873,2013-9-2,20:15:24,114.254595,30.541788,24.54949944,199.42,3
24931618,10159873,2013-9-2,20:15:34,114.254341,30.541305,25.69649976,216.22,3
24935140,10159873,2013-9-2,20:16:04,114.253725,30.540546,3.82764996,236.31,3
24938111,10159873,2013-9-2,20:16:34,114.252385,30.540308,28.3420008,287.53,3
24938609,10159873,2013-9-2,20:16:38,114.252083,30.540446,23.8834998,273.72,3
24942983,10159873,2013-9-2,20:17:18,114.249425,30.540518,30.8580012,271.5,3
24944059,10159873,2013-9-2,20:17:29,114.248636,30.540461,29.507499,245.89,3
24944491,10159873,2013-9-2,20:17:33,114.248221,30.540398,21.8115,256.14,3
24945482,10159873,2013-9-2,20:17:43,114.247311,30.540325,30.9505032,280.53,3
24950046,10159873,2013-9-2,20:18:23,114.243825,30.541511,51.9665004,295.35,3
24952080,10159873,2013-9-2,20:18:43,114.241918,30.542555,25.4745,351.98,3
24952577,10159873,2013-9-2,20:18:48,114.241936,30.54297,34.8909984,0.88,3
24955028,10159873,2013-9-2,20:19:08,114.242035,30.544218,30.043998,9.36,3
24956711,10159873,2013-9-2,20:19:24,114.242305,30.545695,36.3525012,16.95,3
24960172,10159873,2013-9-2,20:19:58,114.242855,30.547991,23.0695002,309.88,3
24960690,10159873,2013-9-2,20:20:04,114.242523,30.548058,25.9925004,275.56,3
24965251,10159873,2013-9-2,20:20:46,114.239431,30.549303,43.4380032,323.04,3
24965334,10159873,2013-9-2,20:20:47,114.239431,30.549303,43.4380032,323.04,3
24969231,10159873,2013-9-2,20:21:23,114.238185,30.551283,7.3241496,348.28,3
24970775,10159873,2013-9-2,20:21:38,114.237918,30.55165,20.22050016,323.79,3
24975227,10159873,2013-9-2,20:22:18,114.235846,30.552241,5.14855008,290.08,3
24976165,10159873,2013-9-2,20:22:27,114.235831,30.552255,0.109150002,0,3
24981809,10159873,2013-9-2,20:23:20,114.23295,30.55332,29.6924976,304.31,3
24984667,10159873,2013-9-2,20:23:48,114.231438,30.55409,26.1405,288.26,3
24989228,10159873,2013-9-2,20:24:28,114.228661,30.554468,25.8815016,279.2,3
24991267,10159873,2013-9-2,20:24:47,114.22814,30.554525,0.03515,0,3
24997995,10159873,2013-9-2,20:25:51,114.224295,30.555046,21.38600016,274.1,3
25002801,10159873,2013-9-2,20:26:31,114.221793,30.55535,23.8280004,285.1,3
25004504,10159873,2013-9-2,20:26:46,114.221488,30.555408,3.289299984,317.4,3
25010217,10159873,2013-9-2,20:27:38,114.221296,30.557223,22.68099972,16.04,3
25013912,10159873,2013-9-2,20:28:14,114.22171,30.55848,0.140600002,0,3
25018887,10159873,2013-9-2,20:29:00,114.22191,30.55916,0.053650001,0,3
25028206,10159873,2013-9-2,20:30:28,114.222448,30.55958,29.5814988,102.79,3
25031078,10159873,2013-9-2,20:30:53,114.224756,30.559311,13.15720008,84.19,3
25032091,10159873,2013-9-2,20:31:03,114.22557,30.559188,29.97,131.86,3
25034148,10159873,2013-9-2,20:31:23,114.227608,30.558931,27.76850064,101.88,3
25034609,10159873,2013-9-2,20:31:28,114.228013,30.55883,28.8045,112.17,3
25683253,10159873,2013-9-2,20:31:34,114.22841,30.5587,29.0265012,103.31,3
25690512,10159873,2013-9-2,20:31:43,114.229853,30.558478,55.0005012,101.11,3
25701821,10159873,2013-9-2,20:32:03,114.231473,30.558003,27.21350052,109.12,3
25706217,10159873,2013-9-2,20:32:14,114.232413,30.557576,32.9484996,126.92,3
25727249,10159873,2013-9-2,20:32:53,114.235941,30.556153,16.6703508,121.26,3
25741362,10159873,2013-9-2,20:33:23,114.236605,30.55558,28.24950096,185.05,3
25743748,10159873,2013-9-2,20:33:28,114.23651,30.555166,38.8500012,198.56,3
25766516,10159873,2013-9-2,20:34:08,114.234898,30.552705,0.0074,0,3
25769311,10159873,2013-9-2,20:34:13,114.234881,30.552688,0.044400001,0,3
25802124,10159873,2013-9-2,20:35:10,114.231298,30.546946,71.3175012,210.1,3
25820722,10159873,2013-9-2,20:35:50,114.226945,30.540403,69.8929992,209.99,3
25841710,10159873,2013-9-2,20:36:30,114.223131,30.534893,50.5974996,212.87,3
25864064,10159873,2013-9-2,20:37:10,114.219768,30.529815,61.678998,210.12,3
25884468,10159873,2013-9-2,20:37:50,114.217298,30.526166,3.150549972,211.32,3
25886277,10159873,2013-9-2,20:37:54,114.217283,30.526141,2.107150056,211.13,3
25909719,10159873,2013-9-2,20:38:48,114.213725,30.520706,69.7449996,209.91,3
25928745,10159873,2013-9-2,20:39:29,114.210216,30.515995,20.9419992,216.35,3
25946948,10159873,2013-9-2,20:40:08,114.20706,30.512071,72.3165012,215.29,3
25954985,10159873,2013-9-2,20:40:28,114.204856,30.509493,49.2654996,226.49,3
25956582,10159873,2013-9-2,20:40:33,114.204245,30.509305,46.6755012,272.42,3
25959010,10159873,2013-9-2,20:40:39,114.203656,30.50971,44.8070004,341.18,3
25960966,10159873,2013-9-2,20:40:44,114.203758,30.510256,44.7699996,35.56,3
25962786,10159873,2013-9-2,20:40:49,114.204333,30.510491,46.8605016,92.37,3
25964645,10159873,2013-9-2,20:40:54,114.205045,30.510235,55.5000012,121.23,3
25980034,10159873,2013-9-2,20:41:35,114.211443,30.506165,67.839498,126.45,3
25990150,10159873,2013-9-2,20:42:15,114.218028,30.501901,75.2025024,127.68,3
25998140,10159873,2013-9-2,20:42:55,114.224145,30.49792,59.8475016,126.91,3
26007082,10159873,2013-9-2,20:43:35,114.229493,30.494445,68.6535012,126.76,3
26017216,10159873,2013-9-2,20:44:19,114.236453,30.489903,80.6229972,126.91,3
26024426,10159873,2013-9-2,20:44:55,114.243996,30.48499,76.9785012,127.06,3
26032764,10159873,2013-9-2,20:45:35,114.250275,30.480863,63.6400008,127.37,3
26036829,10159873,2013-9-2,20:46:15,114.256435,30.476875,70.410996,127.53,3
26041333,10159873,2013-9-2,20:46:55,114.263901,30.472413,76.4975016,122.71,3
26048205,10159873,2013-9-2,20:47:58,114.271335,30.468421,66.3780024,115.63,3
26049875,10159873,2013-9-2,20:48:15,114.279265,30.466821,70.336998,102.44,3
26054434,10159873,2013-9-2,20:48:55,114.286156,30.464163,71.928,117,3
26059127,10159873,2013-9-2,20:49:35,114.293075,30.461148,63.5844996,116.58,3
26063951,10159873,2013-9-2,20:50:20,114.300058,30.460433,62.3079972,85.53,3
26067838,10159873,2013-9-2,20:50:55,114.307688,30.460616,74.684502,93.69,3
26071927,10159873,2013-9-2,20:51:35,114.315716,30.46028,58.941,93.51,3
26075525,10159873,2013-9-2,20:52:06,114.319786,30.460126,25.8075,114.56,3
26075967,10159873,2013-9-2,20:52:11,114.320051,30.459946,20.646,136.19,3
26076995,10159873,2013-9-2,20:52:21,114.320506,30.459686,25.82599932,103.75,3
26077524,10159873,2013-9-2,20:52:26,114.32086,30.459708,19.9059984,76.18,3
26079023,10159873,2013-9-2,20:52:41,114.321545,30.459941,22.2554988,58.17,3
26080471,10159873,2013-9-2,20:52:51,114.322113,30.46037,24.40149984,43.62,3
26080991,10159873,2013-9-2,20:52:56,114.32225,30.460695,30.4510014,9.27,3
26082031,10159873,2013-9-2,20:53:06,114.322523,30.461505,44.4184992,40.16,3
26087469,10159873,2013-9-2,20:53:55,114.326468,30.46517,48.951,43.14,3
26090478,10159873,2013-9-2,20:54:25,114.330635,30.469136,60.4579968,33.31,3
26096812,10159873,2013-9-2,20:55:21,114.332083,30.475178,62.1415008,6.74,3
26099238,10159873,2013-9-2,20:55:45,114.333601,30.479495,23.0140008,7.69,3
26099353,10159873,2013-9-2,20:55:46,114.333601,30.479495,23.0140008,7.69,3
26100840,10159873,2013-9-2,20:55:56,114.333765,30.480445,34.632,350.99,3
26101883,10159873,2013-9-2,20:56:06,114.333745,30.481173,16.40025,14.03,3
26102338,10159873,2013-9-2,20:56:11,114.333778,30.481426,16.0043508,2.11,3
26105866,10159873,2013-9-2,20:56:46,114.333836,30.48182,1.59100002,120.58,3
26114237,10159873,2013-9-2,20:58:01,114.333888,30.48173,18.9624996,10.49,3
26114943,10159873,2013-9-2,20:58:08,114.333888,30.48173,28.1199996,64.28,3
26118702,10159873,2013-9-2,20:58:45,114.338456,30.482453,0.044400001,0,3
26118801,10159873,2013-9-2,20:58:46,114.338453,30.482453,0.01665,0,3
26124537,10159873,2013-9-2,20:59:37,114.346516,30.482763,48.6550008,85.87,3
26129494,10159873,2013-9-2,21:00:17,114.350696,30.482686,70.3740024,97.16,3
26133483,10159873,2013-9-2,21:00:57,114.359313,30.482163,77.5149984,80.4,3
26138032,10159873,2013-9-2,21:01:37,114.366483,30.484036,63.0480024,83.87,3
26142480,10159873,2013-9-2,21:02:17,114.374026,30.482561,61.7900004,109.45,3
26146563,10159873,2013-9-2,21:02:58,114.379181,30.481525,19.46200032,96.82,3
26151246,10159873,2013-9-2,21:03:39,114.38291,30.481458,3.198649896,91.97,3
26155305,10159873,2013-9-2,21:04:16,114.383055,30.480875,0.384800004,191.06,3
26466995,10159873,2013-9-2,21:08:48,114.383211,30.481505,16.07649984,291.53,3
26468419,10159873,2013-9-2,21:08:53,114.382825,30.481523,28.8045,270.48,3
26486148,10159873,2013-9-2,21:09:32,114.37957,30.481545,14.8703004,268.06,3
26500853,10159873,2013-9-2,21:10:12,114.378901,30.481535,0.06475,0,3
26501053,10159873,2013-9-2,21:10:13,114.378901,30.481533,0.075850002,0,3
26771553,10159873,2013-9-2,21:21:05,114.377893,30.481816,54.1125,282.77,3
26820763,10159873,2013-9-2,21:22:55,114.359741,30.482221,67.0624956,258.68,3
26825380,10159873,2013-9-2,21:23:06,114.357291,30.482033,70.0409988,267.78,3
26840909,10159873,2013-9-2,21:23:45,114.350068,30.482781,56.869002,277.31,3
26852755,10159873,2013-9-2,21:24:12,114.34828,30.482865,0.197949996,0,3
26875808,10159873,2013-9-2,21:25:05,114.341165,30.48253,58.0530024,269.02,3
26891614,10159873,2013-9-2,21:25:47,114.338578,30.483055,13.86945,355.43,3
26908636,10159873,2013-9-2,21:26:25,114.338658,30.484861,14.67419976,3.23,3
26915861,10159873,2013-9-2,21:26:42,114.338675,30.485151,0.112850003,0,3
26965605,10159873,2013-9-2,21:28:34,114.338598,30.482745,8.92995012,183.76,3
26972384,10159873,2013-9-2,21:28:50,114.338283,30.482581,23.8834998,269.69,3
26990322,10159873,2013-9-2,21:29:30,114.334345,30.482295,17.0015004,263.71,3
26999467,10159873,2013-9-2,21:29:50,114.33372,30.482406,25.21549944,339.84,3
27001622,10159873,2013-9-2,21:29:55,114.333675,30.48278,29.6740008,356.68,3
27010367,10159873,2013-9-2,21:30:10,114.333598,30.484046,35.3165004,1.83,3
27019414,10159873,2013-9-2,21:30:30,114.33366,30.485663,26.56600056,7.05,3
27039080,10159873,2013-9-2,21:31:10,114.333698,30.489191,33.2444988,0.5,3
27039535,10159873,2013-9-2,21:31:12,114.333698,30.489191,33.2444988,0.5,3
27041700,10159873,2013-9-2,21:31:16,114.333728,30.4896,32.5784988,358.14,3
27046039,10159873,2013-9-2,21:31:25,114.333666,30.490353,31.894002,6.51,3
27052764,10159873,2013-9-2,21:31:41,114.333771,30.490695,20.0170008,17.44,3
27056639,10159873,2013-9-2,21:31:50,114.333901,30.491481,33.1890012,359.79,3
27064186,10159873,2013-9-2,21:32:11,114.333773,30.491935,19.96150068,347.51,3
27065295,10159873,2013-9-2,21:32:16,114.33396,30.493283,42.5684988,0.85,3
27074332,10159873,2013-9-2,21:32:36,114.335431,30.496078,37.369998,27.38,3
27090862,10159873,2013-9-2,21:33:15,114.338388,30.501635,74.739996,25.67,3
27107768,10159873,2013-9-2,21:33:55,114.342221,30.508591,68.912496,26.59,3
27118139,10159873,2013-9-2,21:34:20,114.344365,30.512913,67.1735016,12.13,3
27136440,10159873,2013-9-2,21:35:00,114.345131,30.520053,57.2945004,5.12,3
27157684,10159873,2013-9-2,21:35:36,114.346226,30.524728,58.3120044,18.63,3
27175694,10159873,2013-9-2,21:36:15,114.348288,30.530283,44.381502,13.87,3
27190384,10159873,2013-9-2,21:36:45,114.349566,30.533253,30.9505032,7.22,3
27197018,10159873,2013-9-2,21:37:01,114.349616,30.53347,1.62984996,316.84,3
27225194,10159873,2013-9-2,21:37:55,114.350111,30.534391,30.6914976,359.71,3
27228782,10159873,2013-9-2,21:38:10,114.350433,30.535646,32.6525004,12.56,3
27240884,10159873,2013-9-2,21:38:26,114.350896,30.536585,30.8394972,4.67,3
27245590,10159873,2013-9-2,21:38:35,114.35103,30.53738,26.9544996,0.22,3
27258184,10159873,2013-9-2,21:39:16,114.349923,30.539915,39.5715024,327.96,3
27526179,10159873,2013-9-2,21:39:55,114.348345,30.541645,19.0549998,289.42,3
27526285,10159873,2013-9-2,21:39:56,114.348345,30.541645,19.0549998,289.42,3
27530523,10159873,2013-9-2,21:40:34,114.346243,30.542301,0.057350002,0,3
27534029,10159873,2013-9-2,21:41:05,114.346165,30.542253,37.629,108.98,3
27535962,10159873,2013-9-2,21:41:24,114.348455,30.54149,42.6794976,126,3
27536149,10159873,2013-9-2,21:41:25,114.34876,30.541143,29.8959984,135.21,3
27540080,10159873,2013-9-2,21:41:57,114.349456,30.54026,34.1510004,144.5,3
27541589,10159873,2013-9-2,21:42:11,114.349708,30.539553,40.3670016,156.73,3
27541754,10159873,2013-9-2,21:42:13,114.350323,30.538278,35.5939992,164.96,3
27543965,10159873,2013-9-2,21:42:35,114.35065,30.536516,16.14680028,182.57,3
27546049,10159873,2013-9-2,21:42:50,114.350421,30.535856,19.3695012,194.39,3
27550077,10159873,2013-9-2,21:43:30,114.348828,30.532048,42.4945008,198.64,3
27554635,10159873,2013-9-2,21:44:10,114.347788,30.52971,0.451400004,199.2,3
27555172,10159873,2013-9-2,21:44:15,114.347746,30.529711,0.621600012,204.92,3
27565637,10159873,2013-9-2,21:45:50,114.34849,30.528588,3.99785004,154.18,3
27566321,10159873,2013-9-2,21:45:57,114.348541,30.528555,1.54845,152.58,3
27569529,10159873,2013-9-2,21:46:30,114.348945,30.52842,2.92115016,105.48,3
27574464,10159873,2013-9-2,21:47:11,114.349813,30.52828,22.8105,93.39,3
27574966,10159873,2013-9-2,21:47:16,114.350331,30.528168,35.8160004,107.88,3
27576488,10159873,2013-9-2,21:47:30,114.3517,30.527901,30.4880004,94.55,3
27580782,10159873,2013-9-2,21:48:09,114.356085,30.526448,44.7514992,117.01,3
27584833,10159873,2013-9-2,21:48:50,114.359721,30.524038,37.1849976,129.88,3
27589591,10159873,2013-9-2,21:49:30,114.363408,30.521665,39.3125004,115.49,3
27591448,10159873,2013-9-2,21:49:48,114.364026,30.521401,0.03145,0,3
27593730,10159873,2013-9-2,21:50:05,114.36406,30.521396,26.4179988,47.67,3
27597765,10159873,2013-9-2,21:50:45,114.367153,30.524781,30.4324992,25.13,3
27598991,10159873,2013-9-2,21:50:57,114.367196,30.524848,0.0481,0,3
27608796,10159873,2013-9-2,21:52:16,114.367178,30.524831,17.3826,23.25,3
27613058,10159873,2013-9-2,21:52:58,114.369231,30.52929,49.043502,23.26,3
27615517,10159873,2013-9-2,21:53:19,114.36964,30.530045,0.061050002,0,3
27618290,10159873,2013-9-2,21:53:46,114.370086,30.53103,20.313,22.28,3
27619709,10159873,2013-9-2,21:54:00,114.370405,30.531805,25.95550068,19.6,3
27620554,10159873,2013-9-2,21:54:05,114.37055,30.532176,32.0050008,22.82,3
27624736,10159873,2013-9-2,21:54:45,114.371623,30.53464,28.39750056,18.51,3
27624824,10159873,2013-9-2,21:54:46,114.371623,30.53464,28.39750056,18.51,3
27627353,10159873,2013-9-2,21:55:10,114.37169,30.535028,0.7326,83.7,3
27633392,10159873,2013-9-2,21:56:05,114.370216,30.53178,5.07455028,214.55,3
27634767,10159873,2013-9-2,21:56:15,114.370203,30.53178,0.131349996,0,3
27638796,10159873,2013-9-2,21:56:56,114.37013,30.530705,21.1455,110.73,3
27639272,10159873,2013-9-2,21:57:01,114.370511,30.530648,28.3235004,93.42,3
27643554,10159873,2013-9-2,21:57:40,114.374205,30.53082,37.1665008,89.09,3
27646066,10159873,2013-9-2,21:58:05,114.37736,30.531023,46.5459984,73.9,3
27650466,10159873,2013-9-2,21:58:45,114.382871,30.533126,47.5080012,72.83,3
27655000,10159873,2013-9-2,21:59:25,114.386446,30.53334,42.6794976,91.69,3
27658952,10159873,2013-9-2,22:00:05,114.390101,30.533241,0.144300002,0,3
27659412,10159873,2013-9-2,22:00:09,114.390095,30.533236,0.14985,0,3
27670190,10159873,2013-9-2,22:01:46,114.39009,30.533355,17.4492,261.76,3
27674373,10159873,2013-9-2,22:02:29,114.385063,30.533438,9.73470024,271.62,3
27676058,10159873,2013-9-2,22:02:40,114.385038,30.53345,0.205350001,0,3
27682186,10159873,2013-9-2,22:03:38,114.378598,30.531531,59.3109972,244.56,3
27683484,10159873,2013-9-2,22:03:50,114.376753,30.530955,55.537002,259.77,3
27687415,10159873,2013-9-2,22:04:30,114.37064,30.53087,35.7419988,269.91,3
27689747,10159873,2013-9-2,22:04:50,114.370125,30.530893,1.178449992,336.24,3
27701835,10159873,2013-9-2,22:06:46,114.370158,30.531143,32.1345,207.77,3
27706274,10159873,2013-9-2,22:07:27,114.368033,30.52644,35.7050016,207.18,3
27710774,10159873,2013-9-2,22:08:07,114.366091,30.523368,31.6720008,210.77,3
27714774,10159873,2013-9-2,22:08:47,114.363785,30.520716,26.4735,216.46,3
27716608,10159873,2013-9-2,22:09:00,114.363145,30.519838,33.3739998,205.08,3
27720638,10159873,2013-9-2,22:09:41,114.36228,30.516286,39.8305008,190.58,3
27725146,10159873,2013-9-2,22:10:21,114.36174,30.513505,15.86745,187.51,3
27726563,10159873,2013-9-2,22:10:36,114.361706,30.513331,0.08325,0,3
27732155,10159873,2013-9-2,22:11:28,114.361618,30.512886,0.839900016,169.95,3
27735722,10159873,2013-9-2,22:12:01,114.361468,30.512581,0.153550008,0,3
27744213,10159873,2013-9-2,22:13:21,114.361401,30.511731,1.82779992,191.74,3
27746352,10159873,2013-9-2,22:13:42,114.361376,30.511603,1.35604998,205.21,3
28393719,10159873,2013-9-2,22:14:37,114.36138,30.511096,0.0259,0,3
28424396,10159873,2013-9-2,22:15:47,114.361493,30.511716,24.1795008,7.02,3
28442523,10159873,2013-9-2,22:16:27,114.362125,30.514923,24.21650052,10.57,3
28454437,10159873,2013-9-2,22:17:02,114.362835,30.51684,20.05400052,139.93,3
28469730,10159873,2013-9-2,22:17:42,114.364648,30.514633,18.0153,199.16,3
28470078,10159873,2013-9-2,22:17:43,114.364648,30.514633,18.0153,199.16,3
28472039,10159873,2013-9-2,22:17:47,114.36453,30.514401,20.1835008,207.04,3
28473473,10159873,2013-9-2,22:17:52,114.364386,30.514131,26.6214996,194.61,3
28489063,10159873,2013-9-2,22:18:31,114.364948,30.513056,4.3216002,119.01,3
28502742,10159873,2013-9-2,22:19:12,114.36491,30.511953,5.1707502,154.05,3
28513112,10159873,2013-9-2,22:19:35,114.365011,30.511625,0.068450004,0,3
28563583,10159873,2013-9-2,22:21:53,114.364425,30.513085,9.4146498,282.12,3
28568152,10159873,2013-9-2,22:22:04,114.364316,30.513028,2.14414992,253.17,3
28572384,10159873,2013-9-2,22:22:17,114.364261,30.513111,24.12400068,4.6,3
28580555,10159873,2013-9-2,22:22:37,114.364655,30.514801,18.0134496,336.41,3
28593615,10159873,2013-9-2,22:23:17,114.363345,30.516436,13.48094988,320.47,3
28605576,10159873,2013-9-2,22:23:48,114.362561,30.517465,18.9995004,3.3,3
28608154,10159873,2013-9-2,22:23:57,114.362598,30.518081,25.90000092,0.88,3
28610184,10159873,2013-9-2,22:24:02,114.362585,30.518505,30.599001,0.84,3
28611653,10159873,2013-9-2,22:24:08,114.362738,30.51897,36.8705016,15.22,3
28614109,10159873,2013-9-2,22:24:13,114.363045,30.519441,38.5724988,29.34,3
28628907,10159873,2013-9-2,22:24:51,114.364098,30.521633,22.2739992,288.48,3
28632136,10159873,2013-9-2,22:25:01,114.364098,30.521633,22.2739992,288.48,3
28643427,10159873,2013-9-2,22:25:32,114.361845,30.52262,28.5085008,305.53,3
28643562,10159873,2013-9-2,22:25:33,114.361845,30.52262,28.5085008,305.53,3
28657909,10159873,2013-9-2,22:26:12,114.358715,30.52494,41.3660016,313.09,3
28666953,10159873,2013-9-2,22:26:37,114.35744,30.525938,0.044400001,0,3
28677909,10159873,2013-9-2,22:27:07,114.356551,30.526565,25.21549944,307.58,3
28690821,10159873,2013-9-2,22:27:47,114.352841,30.527628,25.28950068,289.65,3
28706569,10159873,2013-9-2,22:28:27,114.348806,30.52888,26.2699992,295.91,3
28713518,10159873,2013-9-2,22:28:53,114.348203,30.528808,12.49120008,128.15,3
28717198,10159873,2013-9-2,22:28:58,114.348605,30.528651,32.874498,112.17,3
28726144,10159873,2013-9-2,22:29:28,114.352388,30.527635,33.8735016,109.7,3
28739364,10159873,2013-9-2,22:30:07,114.355698,30.526646,35.1500004,119.41,3
28750520,10159873,2013-9-2,22:30:47,114.360341,30.523581,48.7845,130.01,3
28759143,10159873,2013-9-2,22:31:27,114.365138,30.521198,45.4915008,104.54,3
28766966,10159873,2013-9-2,22:32:08,114.36877,30.520428,11.43299952,102.05,3
28768967,10159873,2013-9-2,22:32:22,114.36947,30.52029,22.40350056,102.12,3
28772715,10159873,2013-9-2,22:33:02,114.374201,30.519183,46.8789984,106.33,3
28777023,10159873,2013-9-2,22:33:42,114.378485,30.518203,15.4474992,113.86,3
28778392,10159873,2013-9-2,22:33:57,114.378638,30.518138,0.0111,0,3
28781744,10159873,2013-9-2,22:34:28,114.37866,30.518141,23.9574996,103.49,3
28785733,10159873,2013-9-2,22:35:09,114.382306,30.516621,27.36150012,133.09,3
28789152,10159873,2013-9-2,22:35:41,114.383763,30.51536,0.0185,0,3
28794680,10159873,2013-9-2,22:36:37,114.386968,30.51247,47.1380004,135.91,3
28798430,10159873,2013-9-2,22:37:17,114.390235,30.509828,22.53300012,121.26,3
28800393,10159873,2013-9-2,22:37:33,114.39059,30.50974,0.930550032,51.73,3
28838211,10159873,2013-9-2,22:43:42,114.392001,30.509035,0.08325,0,3
28838291,10159873,2013-9-2,22:43:43,114.392405,30.508261,17.21054988,258.76,3
28838371,10159873,2013-9-2,22:43:44,114.38898,30.507836,40.0710024,260.55,3
28838477,10159873,2013-9-2,22:43:45,114.384546,30.507355,39.96,271.68,3
28838578,10159873,2013-9-2,22:43:46,114.380195,30.507428,34.4469996,271.38,3
28838682,10159873,2013-9-2,22:43:47,114.377138,30.507576,7.79404968,271.38,3
28838791,10159873,2013-9-2,22:43:48,114.374738,30.507498,18.3816,257.61,3
28838895,10159873,2013-9-2,22:43:49,114.374413,30.50751,32.9484996,278.34,3
28841084,10159873,2013-9-2,22:44:07,114.371063,30.507418,12.1304502,256.31,3
28843808,10159873,2013-9-2,22:44:35,114.369583,30.507373,0.131349996,0,3
28844928,10159873,2013-9-2,22:44:47,114.369586,30.507366,29.6924976,268.1,3
28850278,10159873,2013-9-2,22:45:36,114.364198,30.508661,42.1615008,293.73,3
28853580,10159873,2013-9-2,22:46:08,114.361513,30.509943,16.86275028,301.74,3
28857519,10159873,2013-9-2,22:46:49,114.358158,30.51132,36.6114996,300.1,3
28861431,10159873,2013-9-2,22:47:28,114.353616,30.512511,33.0594984,275.58,3
28868312,10159873,2013-9-2,22:48:37,114.34504,30.5124,20.6830008,285.38,3
28868780,10159873,2013-9-2,22:48:42,114.344583,30.512426,35.4274992,268.72,3
28869717,10159873,2013-9-2,22:48:52,114.343633,30.512468,35.8715016,278.57,3
28873747,10159873,2013-9-2,22:49:32,114.340123,30.513005,0.0814,0,3
29124879,10159873,2013-9-2,22:49:39,114.340131,30.513005,0.0481,0,3
29144959,10159873,2013-9-2,22:50:38,114.337003,30.513528,0.092500002,0,3
29146483,10159873,2013-9-2,22:50:42,114.337008,30.513523,0.00555,0,3
29170125,10159873,2013-9-2,22:51:53,114.335106,30.513893,33.5219994,296.86,3
29173370,10159873,2013-9-2,22:52:02,114.334281,30.514406,32.9114988,314.95,3
29181798,10159873,2013-9-2,22:52:22,114.333055,30.51564,33.8549976,317.52,3
29194576,10159873,2013-9-2,22:53:02,114.33096,30.517543,19.2029994,316.99,3
29201522,10159873,2013-9-2,22:53:17,114.330355,30.518136,23.1620004,314.38,3
29214512,10159873,2013-9-2,22:53:57,114.327588,30.519445,29.8590012,287.72,3
29227089,10159873,2013-9-2,22:54:37,114.32433,30.520303,28.8969984,285.92,3
29234150,10159873,2013-9-2,22:55:03,114.32337,30.520585,0.2664,0,3
29235148,10159873,2013-9-2,22:55:07,114.32337,30.520585,15.4826496,294,3
29250398,10159873,2013-9-2,22:55:53,114.318895,30.521691,60.3099972,287.24,3
29264142,10159873,2013-9-2,22:56:33,114.315048,30.522761,30.1550004,289.32,3
29275137,10159873,2013-9-2,22:57:13,114.3121,30.523743,34.0215012,304.99,3
29288607,10159873,2013-9-2,22:57:53,114.309646,30.525756,55.0005012,313.84,3
29294363,10159873,2013-9-2,22:58:12,114.308018,30.527158,26.2884996,338.08,3
29296799,10159873,2013-9-2,22:58:18,114.308286,30.52759,36.037998,30.86,3
29302114,10159873,2013-9-2,22:58:27,114.308833,30.528435,39.0904992,16.12,3
29304229,10159873,2013-9-2,22:58:33,114.308825,30.528795,31.4129988,353.8,3
29305497,10159873,2013-9-2,22:58:38,114.308838,30.529306,46.0094994,4.32,3
29310462,10159873,2013-9-2,22:58:52,114.309416,30.531631,63.3809988,11.98,3
29325111,10159873,2013-9-2,22:59:32,114.311801,30.538025,62.622504,10.21,3
29337699,10159873,2013-9-2,23:00:12,114.312846,30.541818,1.476299952,26.19,3
29339456,10159873,2013-9-2,23:00:20,114.312865,30.541818,0.079550003,0,3
29358609,10159873,2013-9-2,23:01:17,114.312521,30.542921,34.225002,276.17,3
29373709,10159873,2013-9-2,23:01:57,114.307701,30.542858,54.4084992,269.08,3
29394250,10159873,2013-9-2,23:03:03,114.297943,30.545846,66.785004,303.58,3
29399460,10159873,2013-9-2,23:03:20,114.294395,30.54763,53.6315004,288,3
29413751,10159873,2013-9-2,23:04:03,114.290088,30.548285,50.319999,289.11,3
29422647,10159873,2013-9-2,23:04:28,114.285085,30.550935,55.7219988,302.2,3
29438644,10159873,2013-9-2,23:05:09,114.280261,30.5536,45.1400004,303.76,3
29451690,10159873,2013-9-2,23:05:49,114.275466,30.55624,50.0239998,303.67,3
29461206,10159873,2013-9-2,23:06:04,114.273538,30.557063,51.6705012,281.91,3
29462890,10159873,2013-9-2,23:06:09,114.272806,30.557061,47.711502,265.1,3
29477990,10159873,2013-9-2,23:06:54,114.266858,30.556033,60.9945012,263.05,3
29487123,10159873,2013-9-2,23:07:14,114.262586,30.555665,55.6480008,276.44,3
29488324,10159873,2013-9-2,23:07:19,114.261895,30.555846,44.862498,295.21,3
29490665,10159873,2013-9-2,23:07:25,114.261396,30.556115,36.2414988,306.65,3
29493876,10159873,2013-9-2,23:07:34,114.260641,30.556815,45.8245008,329.16,3
29513837,10159873,2013-9-2,23:08:33,114.260471,30.55742,54.205002,356.15,3
29514640,10159873,2013-9-2,23:08:34,114.260475,30.558125,55.6295004,2.28,3
29514811,10159873,2013-9-2,23:08:35,114.261633,30.563713,51.4485,9.7,3
29525329,10159873,2013-9-2,23:09:04,114.262735,30.568971,54.7785,6.83,3
29532776,10159873,2013-9-2,23:09:19,114.262915,30.570783,47.1380004,0.44,3
29534072,10159873,2013-9-2,23:09:24,114.263015,30.571323,35.0944992,11.95,3
29535974,10159873,2013-9-2,23:09:29,114.263196,30.57169,26.4735,36.13,3
29537849,10159873,2013-9-2,23:09:35,114.263505,30.57187,24.7160016,67.33,3
29539948,10159873,2013-9-2,23:09:40,114.263925,30.571896,28.52700012,90.31,3
29542610,10159873,2013-9-2,23:09:49,114.265041,30.571985,41.199498,77.13,3
29544307,10159873,2013-9-2,23:09:55,114.265555,30.57216,36.4635,62.81,3
29559127,10159873,2013-9-2,23:10:34,114.269203,30.573616,39.719502,63.52,3
29565021,10159873,2013-9-2,23:10:54,114.27039,30.574151,21.1084992,234.49,3
29567004,10159873,2013-9-2,23:10:59,114.270058,30.574013,25.21549944,246.03,3
29571421,10159873,2013-9-2,23:11:10,114.269075,30.57372,44.4925008,245.81,3
29580807,10159873,2013-9-2,23:11:36,114.267171,30.572948,0.179450003,0,3
29585915,10159873,2013-9-2,23:11:54,114.267101,30.572905,20.3315004,242.97,3
29598651,10159873,2013-9-2,23:12:22,114.263918,30.572091,47.9889972,272.46,3
29603318,10159873,2013-9-2,23:12:37,114.263205,30.572013,0.231249996,0,3
29617315,10159873,2013-9-2,23:13:19,114.263146,30.571998,19.9985004,263.07,3
29633054,10159873,2013-9-2,23:13:56,114.260155,30.571836,0.505049976,260.61,3
2166505,10159873,2013-9-3,1:38:02,114.262565,30.572035,15.94145052,67.82,3
2166625,10159873,2013-9-3,1:38:03,114.262991,30.572295,34.4284992,356.7,3
2166718,10159873,2013-9-3,1:38:04,114.263156,30.572843,48.0999996,21.67,3
2168000,10159873,2013-9-3,1:38:06,114.263301,30.573478,50.6530008,359.8,3
2168466,10159873,2013-9-3,1:38:09,114.263216,30.573966,49.6540008,2.04,3
2170277,10159873,2013-9-3,1:38:16,114.263588,30.575056,59.9584968,6.45,3
2171853,10159873,2013-9-3,1:38:24,114.263776,30.576935,36.5929992,34.71,3
2173280,10159873,2013-9-3,1:38:30,114.264018,30.577731,52.0034976,10.57,3
2173810,10159873,2013-9-3,1:38:34,114.26356,30.57849,51.1155,343.63,3
2183430,10159873,2013-9-3,1:39:04,114.261466,30.581393,41.5140012,324.41,3
2184601,10159873,2013-9-3,1:39:10,114.261358,30.582213,44.3075004,341.03,3
2190705,10159873,2013-9-3,1:39:30,114.263356,30.58465,72.7974972,46.93,3
2192537,10159873,2013-9-3,1:39:40,114.265116,30.584433,61.7715,71.77,3
2200353,10159873,2013-9-3,1:40:19,114.272503,30.58603,66.2115024,71.86,3
2209151,10159873,2013-9-3,1:40:59,114.278975,30.58803,63.1405008,53.48,3
2216664,10159873,2013-9-3,1:41:34,114.28319,30.592461,43.6044996,30.97,3
2221694,10159873,2013-9-3,1:42:14,114.280221,30.59497,41.5879992,322.17,3
2226571,10159873,2013-9-3,1:42:39,114.2784,30.596626,22.69949976,336.72,3
2227323,10159873,2013-9-3,1:42:44,114.278523,30.59675,20.3684994,81.56,3
2229082,10159873,2013-9-3,1:42:54,114.279301,30.596748,27.00999936,105.33,3
2229595,10159873,2013-9-3,1:42:59,114.279626,30.59663,22.55150016,114.46,3
2230502,10159873,2013-9-3,1:43:04,114.279875,30.59648,20.1465,117.05,3
2230957,10159873,2013-9-3,1:43:09,114.280478,30.596885,24.0684984,73.82,3
2232298,10159873,2013-9-3,1:43:19,114.280915,30.597371,19.73949984,359.1,3
2232768,10159873,2013-9-3,1:43:24,114.280943,30.597681,20.90499984,7.48,3
2239667,10159873,2013-9-3,1:44:00,114.280871,30.598608,0.320050008,0,3
12444989,10159873,2013-9-3,10:03:18,114.280968,30.598556,0.686349972,354.73,3
12512552,10159873,2013-9-3,10:05:19,114.280953,30.597326,12.07125,236.27,3
12515007,10159873,2013-9-3,10:05:23,114.280645,30.597246,21.51549972,256.72,3
12517477,10159873,2013-9-3,10:05:28,114.280413,30.597088,20.49799932,276.93,3
12520037,10159873,2013-9-3,10:05:34,114.280145,30.597076,18.5000004,263.57,3
12540768,10159873,2013-9-3,10:06:13,114.27831,30.596751,13.0887504,256.33,3
12542809,10159873,2013-9-3,10:06:18,114.278075,30.59682,12.84270012,296.44,3
12548916,10159873,2013-9-3,10:06:32,114.277848,30.597033,1.84444992,284.18,3
12562864,10159873,2013-9-3,10:06:59,114.276273,30.598365,34.965,317.53,3
12578964,10159873,2013-9-3,10:07:38,114.274958,30.59943,4.21799976,313.35,3
12590644,10159873,2013-9-3,10:08:02,114.274766,30.599811,0.72334998,315.56,3
12619304,10159873,2013-9-3,10:09:04,114.275773,30.600783,33.5775024,42.25,3
12633786,10159873,2013-9-3,10:09:38,114.276938,30.602825,22.4220006,299.6,3
12647606,10159873,2013-9-3,10:09:59,114.275881,30.603716,22.3665012,1.69,3
12649521,10159873,2013-9-3,10:10:03,114.276035,30.603998,28.7859996,25.86,3
12665638,10159873,2013-9-3,10:10:43,114.277878,30.606036,16.1042508,52.46,3
12667781,10159873,2013-9-3,10:10:48,114.278051,30.60617,17.68045068,41.3,3
12682855,10159873,2013-9-3,10:11:18,114.279053,30.607316,22.311,46.24,3
12690061,10159873,2013-9-3,10:11:33,114.279501,30.607918,21.6264996,16.17,3
12697091,10159873,2013-9-3,10:11:48,114.28023,30.60769,0.231249996,0,3
12724924,10159873,2013-9-3,10:12:43,114.281166,30.609931,32.393502,345.65,3
12726897,10159873,2013-9-3,10:12:48,114.280856,30.610383,41.3105004,329.75,3
12733253,10159873,2013-9-3,10:13:03,114.28008,30.61164,29.5814988,347.78,3
12737114,10159873,2013-9-3,10:13:08,114.280111,30.612058,34.5210012,10.87,3
12739365,10159873,2013-9-3,10:13:13,114.28041,30.612476,44.3999988,31.38,3
12750379,10159873,2013-9-3,10:13:39,114.28081,30.61428,31.7274984,0.82,3
12761957,10159873,2013-9-3,10:14:04,114.280723,30.615458,0.01665,0,3
12779291,10159873,2013-9-3,10:14:43,114.280831,30.615448,19.1660004,357.18,3
12790789,10159873,2013-9-3,10:15:14,114.280616,30.618003,32.0050008,358.66,3
12791815,10159873,2013-9-3,10:15:18,114.280611,30.618468,45.0104976,356.85,3
13099644,10159873,2013-9-3,10:15:44,114.280498,30.619963,0.0333,0,3
13122326,10159873,2013-9-3,10:16:24,114.280103,30.620501,0.0222,0,3
13162340,10159873,2013-9-3,10:17:44,114.277863,30.620801,7.83474984,273.26,3
13176620,10159873,2013-9-3,10:18:15,114.276966,30.620948,1.84444992,307.34,3
13186762,10159873,2013-9-3,10:18:33,114.276238,30.621053,25.67799972,274.31,3
13195055,10159873,2013-9-3,10:18:50,114.275823,30.621066,1.43004996,314.14,3
13200764,10159873,2013-9-3,10:19:03,114.275508,30.621078,20.84949972,265.98,3
13212425,10159873,2013-9-3,10:19:23,114.274145,30.621078,21.4599996,282.81,3
13215197,10159873,2013-9-3,10:19:28,114.273851,30.621108,20.22050016,279.64,3
13224216,10159873,2013-9-3,10:19:48,114.272361,30.620985,23.2729992,265.08,3
13241433,10159873,2013-9-3,10:20:25,114.270943,30.620905,4.98759984,261.26,3
13255309,10159873,2013-9-3,10:20:48,114.270608,30.620498,22.73649948,158.31,3
13261897,10159873,2013-9-3,10:21:03,114.270886,30.619765,20.9419992,149.08,3
13279248,10159873,2013-9-3,10:21:33,114.271676,30.618435,21.2565006,113.83,3
13281659,10159873,2013-9-3,10:21:38,114.271911,30.618228,22.16299968,136.61,3
13292414,10159873,2013-9-3,10:21:58,114.272716,30.617245,19.22149944,130.83,3
13294279,10159873,2013-9-3,10:22:03,114.272956,30.616968,23.56900056,138.89,3
13301574,10159873,2013-9-3,10:22:20,114.273115,30.616701,0.096200003,0,3
13325674,10159873,2013-9-3,10:23:09,114.27362,30.616031,0.0333,0,3
13394829,10159873,2013-9-3,10:25:31,114.271948,30.614561,17.2827,244.07,3
13410444,10159873,2013-9-3,10:25:54,114.27126,30.614066,2.18670012,229.86,3
13424360,10159873,2013-9-3,10:26:24,114.271161,30.614016,11.5070004,201.1,3
13426403,10159873,2013-9-3,10:26:29,114.271161,30.614016,28.3235004,210.26,3
13438059,10159873,2013-9-3,10:26:48,114.27068,30.613063,0.0518,0,3
13455133,10159873,2013-9-3,10:27:23,114.270713,30.61264,22.1445,124.87,3
13466687,10159873,2013-9-3,10:27:48,114.272015,30.611806,24.36450012,184.61,3
13470733,10159873,2013-9-3,10:27:53,114.271825,30.611415,36.0934992,207.4,3
13489479,10159873,2013-9-3,10:28:34,114.2703,30.608146,42.5869992,202.65,3
13512940,10159873,2013-9-3,10:29:19,114.269403,30.60673,7.44255,257.05,3
13523372,10159873,2013-9-3,10:29:42,114.268416,30.606723,1.694600028,264.11,3
13549358,10159873,2013-9-3,10:30:28,114.268153,30.606713,19.09199988,276.63,3
13572863,10159873,2013-9-3,10:31:08,114.265611,30.606713,22.6254996,181.35,3
13592796,10159873,2013-9-3,10:31:49,114.265931,30.602601,28.6565004,181.46,3
13612899,10159873,2013-9-3,10:32:25,114.265991,30.599978,26.0110008,95.03,3
13622156,10159873,2013-9-3,10:32:46,114.265985,30.599395,0.79734996,213.3,3
13643022,10159873,2013-9-3,10:33:28,114.266335,30.59851,29.3964984,157.82,3
13651765,10159873,2013-9-3,10:33:46,114.266481,30.59814,30.6545004,160.85,3
13665657,10159873,2013-9-3,10:34:09,114.267305,30.59624,0.236800008,0,3
13712655,10159873,2013-9-3,10:35:40,114.268015,30.594555,0.159100002,0,3
13739220,10159873,2013-9-3,10:36:28,114.26815,30.593955,21.2010012,163.42,3
13742727,10159873,2013-9-3,10:36:33,114.268391,30.593696,22.4589996,145.27,3
13745277,10159873,2013-9-3,10:36:38,114.268708,30.593171,39.1089996,154.89,3
13763544,10159873,2013-9-3,10:37:18,114.270065,30.589546,32.7264984,164.49,3
13782450,10159873,2013-9-3,10:37:58,114.270553,30.587781,0.271950012,0,3
13784265,10159873,2013-9-3,10:38:08,114.270555,30.58778,1.951749936,163.92,3
13818060,10159873,2013-9-3,10:39:16,114.271361,30.585443,17.95054968,166.26,3
13822678,10159873,2013-9-3,10:39:23,114.271471,30.584981,20.979,173.63,3
13825929,10159873,2013-9-3,10:39:29,114.271553,30.584673,22.8659994,162.07,3
13845134,10159873,2013-9-3,10:39:57,114.271886,30.583696,0.103600001,0,3
13895110,10159873,2013-9-3,10:41:18,114.272755,30.582088,22.5700002,156.43,3
13923030,10159873,2013-9-3,10:41:59,114.273575,30.580648,4.02559992,163.05,3
13939923,10159873,2013-9-3,10:42:29,114.274085,30.579765,21.4785,156.8,3
13960552,10159873,2013-9-3,10:43:08,114.274998,30.578273,36.4449996,154.35,3
13980060,10159873,2013-9-3,10:43:49,114.275568,30.577098,2.26810008,151.03,3
13982228,10159873,2013-9-3,10:43:52,114.275566,30.577083,3.47245002,151.53,3
14053139,10159873,2013-9-3,10:46:38,114.276033,30.576388,14.03965008,215.8,3
14061443,10159873,2013-9-3,10:47:05,114.273143,30.57498,46.4535,252.18,3
14069623,10159873,2013-9-3,10:47:45,114.27104,30.573901,23.8834998,164.52,3
14080134,10159873,2013-9-3,10:48:33,114.271171,30.57255,1.39489992,167.09,3
14469665,10159873,2013-9-3,10:50:07,114.271496,30.57216,20.2759992,196.77,3
14470981,10159873,2013-9-3,10:50:09,114.271426,30.57168,29.1004992,181.5,3
14473505,10159873,2013-9-3,10:50:15,114.271425,30.570703,0.125800002,0,3
14510236,10159873,2013-9-3,10:51:41,114.27135,30.568558,11.1869496,175.2,3
14529673,10159873,2013-9-3,10:52:21,114.271423,30.567793,0.222000001,0,3
14546491,10159873,2013-9-3,10:53:02,114.271666,30.566871,6.14199996,159.87,3
14551671,10159873,2013-9-3,10:53:11,114.271735,30.566761,0.834349968,162.28,3
14581857,10159873,2013-9-3,10:54:23,114.272418,30.565183,5.3872002,146.74,3
14596701,10159873,2013-9-3,10:54:59,114.27247,30.564565,0.157250002,0,3
14756496,10159873,2013-9-3,11:01:22,114.269393,30.564768,1.341249984,269.92,3
14801537,10159873,2013-9-3,11:03:11,114.269393,30.564768,0.395899992,269.23,3
14802090,10159873,2013-9-3,11:03:12,114.269293,30.564738,19.5730002,280.68,3
14802482,10159873,2013-9-3,11:03:13,114.268413,30.565853,3.73514976,341.2,3
14803166,10159873,2013-9-3,11:03:14,114.268415,30.565886,4.76375004,349.15,3
14803783,10159873,2013-9-3,11:03:15,114.268373,30.566163,1.9647,3.99,3
14891764,10159873,2013-9-3,11:06:56,114.267408,30.56944,12.5614998,0.32,3
14900789,10159873,2013-9-3,11:07:19,114.267263,30.570258,23.643,354.11,3
14919104,10159873,2013-9-3,11:07:58,114.266961,30.57227,15.78974976,344.36,3
14921976,10159873,2013-9-3,11:08:05,114.266916,30.572503,16.0653996,325.4,3
14933054,10159873,2013-9-3,11:08:31,114.266638,30.572558,24.0314994,246,3
14933833,10159873,2013-9-3,11:08:32,114.266258,30.572386,33.0224976,237.77,3
14934016,10159873,2013-9-3,11:08:33,114.264966,30.571878,53.8719984,254.69,3
14934386,10159873,2013-9-3,11:08:34,114.26435,30.571855,28.58249988,273.84,3
14937669,10159873,2013-9-3,11:08:42,114.264003,30.57191,0.0185,0,3
14977456,10159873,2013-9-3,11:10:03,114.262876,30.571885,9.86420016,184.47,3
14988275,10159873,2013-9-3,11:10:28,114.262403,30.57002,20.6830008,198.12,3
14991833,10159873,2013-9-3,11:10:39,114.262183,30.569565,18.2502504,192.66,3
14993664,10159873,2013-9-3,11:10:44,114.262236,30.569043,24.9010002,187.54,3
15010417,10159873,2013-9-3,11:11:23,114.262041,30.566013,39.9970008,191.48,3
15045084,10159873,2013-9-3,11:12:40,114.26084,30.561191,56.9244996,193.53,3
15046286,10159873,2013-9-3,11:12:43,114.260418,30.556441,42.1615008,152.19,3
15048612,10159873,2013-9-3,11:12:48,114.260841,30.556035,46.3054968,127.3,3
15051493,10159873,2013-9-3,11:12:56,114.26145,30.555791,43.8264972,103.39,3
15067496,10159873,2013-9-3,11:13:33,114.265315,30.555863,28.21249908,82.2,3
15086074,10159873,2013-9-3,11:14:13,114.26878,30.55629,29.9514996,77.53,3
15105157,10159873,2013-9-3,11:14:54,114.272706,30.557025,39.3495012,79.61,3
15109837,10159873,2013-9-3,11:15:03,114.2738,30.557011,45.1029996,103.25,3
15113846,10159873,2013-9-3,11:15:08,114.274268,30.55686,25.69649976,117.58,3
15129755,10159873,2013-9-3,11:15:48,114.277408,30.555173,38.387502,121.37,3
15148669,10159873,2013-9-3,11:16:29,114.281505,30.552911,36.7965,122.69,3
15166361,10159873,2013-9-3,11:17:09,114.285515,30.550711,44.8994988,121.74,3
15184004,10159873,2013-9-3,11:17:49,114.290008,30.54832,46.6385004,111.77,3
15197310,10159873,2013-9-3,11:18:23,114.294998,30.54738,51.5225016,119.41,3
15213508,10159873,2013-9-3,11:19:02,114.299145,30.545053,58.9040028,136.3,3
15227331,10159873,2013-9-3,11:19:43,114.305555,30.542815,52.7989986,91.58,3
15240907,10159873,2013-9-3,11:20:24,114.310086,30.542858,26.973,89.06,3
15250938,10159873,2013-9-3,11:20:48,114.312986,30.542695,43.5674988,102.15,3
15258077,10159873,2013-9-3,11:21:28,114.316516,30.541113,24.56799948,120.79,3
15269604,10159873,2013-9-3,11:22:09,114.320475,30.538981,40.8110004,125.07,3
15280139,10159873,2013-9-3,11:22:24,114.321015,30.538468,15.7028004,182.37,3
15298779,10159873,2013-9-3,11:23:01,114.320433,30.537596,3.01179996,212.64,3
15814753,10159873,2013-9-3,11:25:06,114.319856,30.536396,23.643,182.39,3
15823877,10159873,2013-9-3,11:25:42,114.319521,30.534121,0.98049996,162.48,3
15849793,10159873,2013-9-3,11:27:14,114.31945,30.534456,16.96450068,358.15,3
15850793,10159873,2013-9-3,11:27:18,114.319503,30.534848,22.21849944,4.96,3
15862472,10159873,2013-9-3,11:27:58,114.319886,30.536486,3.84615,12.78,3
15864733,10159873,2013-9-3,11:28:07,114.319906,30.536516,0.338550012,0,3
15885294,10159873,2013-9-3,11:29:22,114.32093,30.5383,14.2005996,31.81,3
15889024,10159873,2013-9-3,11:29:37,114.321015,30.538443,2.95814988,36.82,3
15901027,10159873,2013-9-3,11:30:16,114.321421,30.538543,0.205350001,0,3
15909193,10159873,2013-9-3,11:30:46,114.321831,30.538395,2.23295004,119.28,3
15916380,10159873,2013-9-3,11:31:14,114.322123,30.538241,0.0185,0,3
15941696,10159873,2013-9-3,11:32:50,114.323696,30.537478,11.5902504,124.35,3
15944737,10159873,2013-9-3,11:33:04,114.323878,30.537388,2.321749944,113.66,3
15980050,10159873,2013-9-3,11:35:11,114.324748,30.536951,15.6232512,315.1,3
15983337,10159873,2013-9-3,11:35:18,114.321151,30.538923,22.18149936,299.71,3
15990991,10159873,2013-9-3,11:35:41,114.320345,30.539365,3.093200028,301.65,3
16007449,10159873,2013-9-3,11:36:32,114.317836,30.54062,13.97490048,300.12,3
16017750,10159873,2013-9-3,11:37:12,114.316393,30.54125,13.00734972,293.11,3
16028985,10159873,2013-9-3,11:37:43,114.313728,30.542525,55.3704984,289.74,3
16077625,10159873,2013-9-3,11:40:15,114.298855,30.545255,1.276499952,312.98,3
16094297,10159873,2013-9-3,11:41:09,114.297751,30.545968,2.07014994,300.51,3
16107389,10159873,2013-9-3,11:41:48,114.297078,30.546325,7.94945052,299.22,3
16120921,10159873,2013-9-3,11:42:29,114.29637,30.546711,7.19465004,297.99,3
16134758,10159873,2013-9-3,11:43:08,114.295768,30.547048,7.31489976,299.89,3
16160661,10159873,2013-9-3,11:44:31,114.294951,30.547478,2.266249896,297.06,3
16161477,10159873,2013-9-3,11:44:33,114.29395,30.547701,12.0897504,279.98,3
16174692,10159873,2013-9-3,11:45:09,114.292126,30.547963,14.18395032,280.2,3
16186964,10159873,2013-9-3,11:45:49,114.289471,30.548583,25.9925004,298.62,3
16199313,10159873,2013-9-3,11:46:29,114.286228,30.550361,41.6064996,302.12,3
16213093,10159873,2013-9-3,11:47:08,114.282145,30.552635,46.6014996,298.58,3
16223865,10159873,2013-9-3,11:47:49,114.278495,30.554623,31.7090016,301.47,3
16236154,10159873,2013-9-3,11:48:29,114.275211,30.556475,35.4459996,303.44,3
16244063,10159873,2013-9-3,11:48:56,114.273576,30.55712,25.84449936,275.02,3
16257881,10159873,2013-9-3,11:49:36,114.268835,30.556321,49.8390012,257.05,3
16270600,10159873,2013-9-3,11:50:16,114.263751,30.555735,55.2224988,264.03,3
